Workbook

Sheet Zoneamento Curitiba
A1: Nome da Zona | B1: Sigla | C1: Sigla_gis | D1: Tipo de Uso | E1: Usos | F1: Permissibilidade | G1: Coef. Aproveitamento Básico | H1: Coef. Aproveitamento Permissível | I1: Altura Básica (pav) | J1: Altura Permissível (pav) | K1: Porte Básico (m²) | L1: Porte Permissível (m²) | M1: Taxa de Ocupação (%) | N1: Recuo (m) | O1: Taxa Permeabilidade (%) | P1: Afastamento Divisa (m) | Q1: Lote Padrão (m²) | R1: Observações
A2: Setor das Vias Setoriais 1 | B2: SVS-1 | C2: {=IFERROR(IF(XLOOKUP(B2,Planilha1!$B:$B,Planilha1!$C:$C)=0,"",XLOOKUP(B2,Planilha1!$B:$B,Planilha1!$C:$C)),"")} | D2: Habitacional | E2: Habitações Unifamiliares, Habitação Coletiva, Habitações Unifamiliares em série, Habitação Institucional, Habitação Transitória 1 | F2: Permitido | G2: 1 | R2: Hab. unif. em série: somente transversais ao alinhamento
A3: Setor das Vias Setoriais 1 | B3: SVS-1 | C3: {=IFERROR(IF(XLOOKUP(B3,Planilha1!$B:$B,Planilha1!$C:$C)=0,"",XLOOKUP(B3,Planilha1!$B:$B,Planilha1!$C:$C)),"")} | D3: Não Habitacional | E3: Posto de Abastecimento | F3: Permitido | G3: 1 | R3: Atendida regulamentação específica
A4: Setor das Vias Setoriais 1 | B4: SVS-1 | C4: {=IFERROR(IF(XLOOKUP(B4,Planilha1!$B:$B,Planilha1!$C:$C)=0,"",XLOOKUP(B4,Planilha1!$B:$B,Planilha1!$C:$C)),"")} | D4: Não Habitacional | E4: Estacionamento Comercial, Edifício Garagem | F4: Permitido | G4: 1 | R4: Obrigatório comércio/serviço no térreo, min 50% testada
A5: Setor das Vias Setoriais 1 | B5: SVS-1 | C5: {=IFERROR(IF(XLOOKUP(B5,Planilha1!$B:$B,Planilha1!$C:$C)=0,"",XLOOKUP(B5,Planilha1!$B:$B,Planilha1!$C:$C)),"")} | D5: Não Habitacional | E5: Comunitário 1 e 2 | F5: Permitido | G5: 1 | K5: 2.000,00 | L5: 10.000,00 | R5: Atendido coef e porte - primeiro atingido
A6: Setor das Vias Setoriais 1 | B6: SVS-1 | C6: {=IFERROR(IF(XLOOKUP(B6,Planilha1!$B:$B,Planilha1!$C:$C)=0,"",XLOOKUP(B6,Planilha1!$B:$B,Planilha1!$C:$C)),"")} | D6: Não Habitacional | E6: Comunitário 3 | F6: Permissível | L6: 10.000,00 | R6: Somente permissível
A7: Setor das Vias Setoriais 1 | B7: SVS-1 | C7: {=IFERROR(IF(XLOOKUP(B7,Planilha1!$B:$B,Planilha1!$C:$C)=0,"",XLOOKUP(B7,Planilha1!$B:$B,Planilha1!$C:$C)),"")} | D7: Não Habitacional | E7: Comércio e Serviço Vicinal, de Bairro e Setorial | F7: Permitido | G7: 1 | K7: 5.000,00 | L7: Acima de 5.000,00
A8: Setor das Vias Setoriais 1 | B8: SVS-1 | C8: {=IFERROR(IF(XLOOKUP(B8,Planilha1!$B:$B,Planilha1!$C:$C)=0,"",XLOOKUP(B8,Planilha1!$B:$B,Planilha1!$C:$C)),"")} | D8: Não Habitacional | E8: Indústria tipo 1 | F8: Permitido | K8: 200,00 | L8: 400,00 | R8: Admitido alvará em edificação existente
A9: Setor das Vias Setoriais 2 | B9: SVS-2 | C9: {=IFERROR(IF(XLOOKUP(B9,Planilha1!$B:$B,Planilha1!$C:$C)=0,"",XLOOKUP(B9,Planilha1!$B:$B,Planilha1!$C:$C)),"")} | D9: Habitacional | E9: Habitações Unifamiliares, Habitação Coletiva, Habitação Institucional, Habitações Unifamiliares em série, Habitação Transitória 1 | F9: Permitido | G9: 1 | I9: 2 | M9: 50 | N9: 5 | O9: 25 | R9: Hab. unif. em série: somente transversais
A10: Setor das Vias Setoriais 2 | B10: SVS-2 | C10: {=IFERROR(IF(XLOOKUP(B10,Planilha1!$B:$B,Planilha1!$C:$C)=0,"",XLOOKUP(B10,Planilha1!$B:$B,Planilha1!$C:$C)),"")} | D10: Não Habitacional | E10: Posto de Abastecimento | F10: Permitido | G10: 1 | R10: Atendida regulamentação específica
A11: Setor das Vias Setoriais 2 | B11: SVS-2 | C11: {=IFERROR(IF(XLOOKUP(B11,Planilha1!$B:$B,Planilha1!$C:$C)=0,"",XLOOKUP(B11,Planilha1!$B:$B,Planilha1!$C:$C)),"")} | D11: Não Habitacional | E11: Estacionamento Comercial, Edifício Garagem | F11: Permitido | G11: 1 | R11: Obrigatório comércio/serviço no térreo, min 50% testada
A12: Setor das Vias Setoriais 2 | B12: SVS-2 | C12: {=IFERROR(IF(XLOOKUP(B12,Planilha1!$B:$B,Planilha1!$C:$C)=0,"",XLOOKUP(B12,Planilha1!$B:$B,Planilha1!$C:$C)),"")} | D12: Não Habitacional | E12: Comunitário 1 | F12: Permitido | G12: 1 | I12: 2 | M12: 50 | N12: 5 | O12: 25
A13: Setor das Vias Setoriais 2 | B13: SVS-2 | C13: {=IFERROR(IF(XLOOKUP(B13,Planilha1!$B:$B,Planilha1!$C:$C)=0,"",XLOOKUP(B13,Planilha1!$B:$B,Planilha1!$C:$C)),"")} | D13: Não Habitacional | E13: Comunitário 2 e 3 exceto Ensino | F13: Permitido | G13: 1 | I13: 2 | K13: 2.000,00 | L13: 5.000,00 | M13: 50 | N13: 5 | O13: 25
A14: Setor das Vias Setoriais 2 | B14: SVS-2 | C14: {=IFERROR(IF(XLOOKUP(B14,Planilha1!$B:$B,Planilha1!$C:$C)=0,"",XLOOKUP(B14,Planilha1!$B:$B,Planilha1!$C:$C)),"")} | D14: Não Habitacional | E14: Comércio e Serviço Vicinal, de Bairro e Setorial | F14: Permitido | G14: 1 | I14: 2 | K14: 2.000,00 | L14: 5.000,00 | M14: 50 | N14: 5 | O14: 25
A15: Setor das Vias Setoriais 2 | B15: SVS-2 | C15: {=IFERROR(IF(XLOOKUP(B15,Planilha1!$B:$B,Planilha1!$C:$C)=0,"",XLOOKUP(B15,Planilha1!$B:$B,Planilha1!$C:$C)),"")} | D15: Não Habitacional | E15: Indústria Tipo 1 | F15: Permitido | K15: 200,00 | L15: 400,00 | R15: Admitido alvará em edificação existente
A16: Setor das Vias Coletoras 1 | B16: SVC-1 | C16: {=IFERROR(IF(XLOOKUP(B16,Planilha1!$B:$B,Planilha1!$C:$C)=0,"",XLOOKUP(B16,Planilha1!$B:$B,Planilha1!$C:$C)),"")} | D16: Habitacional | E16: Habitações Unifamiliares, Habitação Coletiva, Habitação Institucional, Habitações Unifamiliares em série, Habitação Transitória 1 | F16: Permitido | G16: 1 | I16: 2 | M16: 50 | N16: 5 | O16: 25 | R16: Hab. unif. em série: somente transversais
A17: Setor das Vias Coletoras 1 | B17: SVC-1 | C17: {=IFERROR(IF(XLOOKUP(B17,Planilha1!$B:$B,Planilha1!$C:$C)=0,"",XLOOKUP(B17,Planilha1!$B:$B,Planilha1!$C:$C)),"")} | D17: Não Habitacional | E17: Posto de Abastecimento | F17: Permitido | G17: 1 | R17: Atendida regulamentação específica
A18: Setor das Vias Coletoras 1 | B18: SVC-1 | C18: {=IFERROR(IF(XLOOKUP(B18,Planilha1!$B:$B,Planilha1!$C:$C)=0,"",XLOOKUP(B18,Planilha1!$B:$B,Planilha1!$C:$C)),"")} | D18: Não Habitacional | E18: Estacionamento Comercial, Edifício Garagem | F18: Permitido | G18: 1 | R18: Obrigatório comércio/serviço no térreo, min 50% testada
A19: Setor das Vias Coletoras 1 | B19: SVC-1 | C19: {=IFERROR(IF(XLOOKUP(B19,Planilha1!$B:$B,Planilha1!$C:$C)=0,"",XLOOKUP(B19,Planilha1!$B:$B,Planilha1!$C:$C)),"")} | D19: Não Habitacional | E19: Comunitário 1, Comunitário 2 - Culto religioso | F19: Permitido | G19: 1 | I19: 2 | K19: 5.000,00 | L19: 10.000,00 | M19: 50 | N19: 5 | O19: 25
A20: Setor das Vias Coletoras 1 | B20: SVC-1 | C20: {=IFERROR(IF(XLOOKUP(B20,Planilha1!$B:$B,Planilha1!$C:$C)=0,"",XLOOKUP(B20,Planilha1!$B:$B,Planilha1!$C:$C)),"")} | D20: Não Habitacional | E20: Comunitário 2 (exceto culto) e 3 | F20: Permissível | M20: 50 | N20: 5 | O20: 25 | R20: Somente permissível
A21: Setor das Vias Coletoras 1 | B21: SVC-1 | C21: {=IFERROR(IF(XLOOKUP(B21,Planilha1!$B:$B,Planilha1!$C:$C)=0,"",XLOOKUP(B21,Planilha1!$B:$B,Planilha1!$C:$C)),"")} | D21: Não Habitacional | E21: Comércio e Serviço Vicinal, de Bairro e Setorial | F21: Permitido | G21: 1 | I21: 2 | K21: 2.000,00 | L21: 5.000,00 | M21: 50 | N21: 5 | O21: 25
A22: Setor das Vias Coletoras 1 | B22: SVC-1 | C22: {=IFERROR(IF(XLOOKUP(B22,Planilha1!$B:$B,Planilha1!$C:$C)=0,"",XLOOKUP(B22,Planilha1!$B:$B,Planilha1!$C:$C)),"")} | D22: Não Habitacional | E22: Indústria Tipo 1 | F22: Permitido | K22: 200,00 | L22: 400 | R22: Admitido alvará em edificação existente
A23: Setor das Vias Coletoras 2 | B23: SVC-2 | C23: {=IFERROR(IF(XLOOKUP(B23,Planilha1!$B:$B,Planilha1!$C:$C)=0,"",XLOOKUP(B23,Planilha1!$B:$B,Planilha1!$C:$C)),"")} | D23: Habitacional | E23: Habitações Unifamiliares, Habitação Coletiva, Habitação Institucional, Habitações Unifamiliares em série, Habitação Transitória 1 | F23: Permitido | G23: 1 | I23: 2 | M23: 50 | N23: 5 | O23: 25 | R23: Hab. unif. em série: somente transversais
A24: Setor das Vias Coletoras 2 | B24: SVC-2 | C24: {=IFERROR(IF(XLOOKUP(B24,Planilha1!$B:$B,Planilha1!$C:$C)=0,"",XLOOKUP(B24,Planilha1!$B:$B,Planilha1!$C:$C)),"")} | D24: Não Habitacional | E24: Posto de Abastecimento | F24: Permitido | G24: 1 | R24: Atendida regulamentação específica
A25: Setor das Vias Coletoras 2 | B25: SVC-2 | C25: {=IFERROR(IF(XLOOKUP(B25,Planilha1!$B:$B,Planilha1!$C:$C)=0,"",XLOOKUP(B25,Planilha1!$B:$B,Planilha1!$C:$C)),"")} | D25: Não Habitacional | E25: Estacionamento Comercial, Edifício Garagem | F25: Permitido | G25: 1 | R25: Obrigatório comércio/serviço no térreo, min 50% testada
A26: Setor das Vias Coletoras 2 | B26: SVC-2 | C26: {=IFERROR(IF(XLOOKUP(B26,Planilha1!$B:$B,Planilha1!$C:$C)=0,"",XLOOKUP(B26,Planilha1!$B:$B,Planilha1!$C:$C)),"")} | D26: Não Habitacional | E26: Comunitário 1 e 2 | F26: Permitido | G26: 1 | I26: 2 | K26: 400,00 | L26: 2.000,00 | M26: 50 | N26: 5 | O26: 25
A27: Setor das Vias Coletoras 2 | B27: SVC-2 | C27: {=IFERROR(IF(XLOOKUP(B27,Planilha1!$B:$B,Planilha1!$C:$C)=0,"",XLOOKUP(B27,Planilha1!$B:$B,Planilha1!$C:$C)),"")} | D27: Não Habitacional | E27: Comércio e Serviço Vicinal, de Bairro e Setorial | F27: Permitido | G27: 1 | I27: 2 | K27: 1.000,00 | L27: 2.000,00 | M27: 50 | N27: 5 | O27: 25
A28: Setor das Vias Coletoras 2 | B28: SVC-2 | C28: {=IFERROR(IF(XLOOKUP(B28,Planilha1!$B:$B,Planilha1!$C:$C)=0,"",XLOOKUP(B28,Planilha1!$B:$B,Planilha1!$C:$C)),"")} | D28: Não Habitacional | E28: Indústria Tipo 1 | F28: Permitido | K28: 200,00 | L28: 400,00 | R28: Admitido alvará em edificação existente
A29: Setor das Vias Prioritárias | B29: SVP | C29: {=IFERROR(IF(XLOOKUP(B29,Planilha1!$B:$B,Planilha1!$C:$C)=0,"",XLOOKUP(B29,Planilha1!$B:$B,Planilha1!$C:$C)),"")} | D29: Habitacional | E29: Habitações Unifamiliares | F29: Permitido | R29: Até 3 habitações unifamiliares por lote
A30: Setor das Vias Prioritárias | B30: SVP | C30: {=IFERROR(IF(XLOOKUP(B30,Planilha1!$B:$B,Planilha1!$C:$C)=0,"",XLOOKUP(B30,Planilha1!$B:$B,Planilha1!$C:$C)),"")} | D30: Habitacional | E30: Habitações Unifamiliares em série | F30: Permitido | R30: Somente transversais ao alinhamento predial
A31: Setor das Vias Prioritárias | B31: SVP | C31: {=IFERROR(IF(XLOOKUP(B31,Planilha1!$B:$B,Planilha1!$C:$C)=0,"",XLOOKUP(B31,Planilha1!$B:$B,Planilha1!$C:$C)),"")} | D31: Habitacional | E31: Habitação Coletiva, Habitação Transitória 1 | F31: Permitido | R31: Apart-hotel sem centro de convenções
A32: Setor das Vias Prioritárias | B32: SVP | C32: {=IFERROR(IF(XLOOKUP(B32,Planilha1!$B:$B,Planilha1!$C:$C)=0,"",XLOOKUP(B32,Planilha1!$B:$B,Planilha1!$C:$C)),"")} | D32: Não Habitacional | E32: Posto de Abastecimento | F32: Permitido | R32: Proibido em esquinas VP x VP e VP x Via Externa EE
A33: Setor das Vias Prioritárias | B33: SVP | C33: {=IFERROR(IF(XLOOKUP(B33,Planilha1!$B:$B,Planilha1!$C:$C)=0,"",XLOOKUP(B33,Planilha1!$B:$B,Planilha1!$C:$C)),"")} | D33: Não Habitacional | E33: Estacionamento Comercial | F33: Permitido | R33: Obrigatório comércio/serviço vicinal/bairro no térreo, min 50% testada
A34: Setor das Vias Prioritárias | B34: SVP | C34: {=IFERROR(IF(XLOOKUP(B34,Planilha1!$B:$B,Planilha1!$C:$C)=0,"",XLOOKUP(B34,Planilha1!$B:$B,Planilha1!$C:$C)),"")} | D34: Não Habitacional | E34: Comércio e Serviço Vicinal e de Bairro | F34: Permitido | K34: 200 | R34: Permitido alvará até 200m² em edif. existente sem estacionamento. Acima: consultar CMU
A35: Zona Central | B35: ZC | C35: {=IFERROR(IF(XLOOKUP(B35,Planilha1!$B:$B,Planilha1!$C:$C)=0,"",XLOOKUP(B35,Planilha1!$B:$B,Planilha1!$C:$C)),"")} -> ZC | D35: Habitacional | E35: Habitação Unifamiliar | F35: Permitido | G35: 1 | I35: 2 | M35: 50 | O35: 25 | Q35: 11x330 | R35: Uma habitação unifamiliar por lote
A36: Zona Central | B36: ZC | C36: {=IFERROR(IF(XLOOKUP(B36,Planilha1!$B:$B,Planilha1!$C:$C)=0,"",XLOOKUP(B36,Planilha1!$B:$B,Planilha1!$C:$C)),"")} -> ZC | D36: Habitacional | E36: Habitação Coletiva, Habitação Institucional, Habitação Transitória 1, Empreendimento inclusivo de habitação de interesse social | F36: Permitido | G36: 5 | I36: livre | M36: Subsolo, térreo e 2º pav = 100%; demais pav = 66% | N36: Alinhamento predial | O36: Obrigatório mecanismo contenção cheias | P36: 2 | Q36: 11x330 | R36: Proibido balanço sobre passeio, permitido marquise max 1,20m
A37: Zona Central | B37: ZC | C37: {=IFERROR(IF(XLOOKUP(B37,Planilha1!$B:$B,Planilha1!$C:$C)=0,"",XLOOKUP(B37,Planilha1!$B:$B,Planilha1!$C:$C)),"")} -> ZC | D37: Não Habitacional | E37: Comunitário 1 | F37: Permitido | G37: 5 | I37: livre | M37: Subsolo, térreo e 2º pav = 100%; demais pav = 66% | N37: Alinhamento predial | O37: Obrigatório mecanismo contenção cheias | P37: 2 | Q37: 11x330
A38: Zona Central | B38: ZC | C38: {=IFERROR(IF(XLOOKUP(B38,Planilha1!$B:$B,Planilha1!$C:$C)=0,"",XLOOKUP(B38,Planilha1!$B:$B,Planilha1!$C:$C)),"")} -> ZC | D38: Não Habitacional | E38: Comunitário 2 - Lazer, Cultura e Culto Religioso, Comércio e Serviço Vicinal, de Bairro e Setorial, Edifício Garagem | F38: Permitido | G38: 4 | I38: livre | M38: Subsolo, térreo e 2º pav = 100%; demais pav = 66% | N38: Alinhamento predial | O38: Obrigatório mecanismo contenção cheias | P38: 2 | Q38: 11x330 | R38: Edifício Garagem: CA mínimo 1,5
A39: Zona Central | B39: ZC | C39: {=IFERROR(IF(XLOOKUP(B39,Planilha1!$B:$B,Planilha1!$C:$C)=0,"",XLOOKUP(B39,Planilha1!$B:$B,Planilha1!$C:$C)),"")} -> ZC | D39: Não Habitacional | E39: Comunitário 2 - Ensino, Comunitário 3 | F39: Permissível | G39: 4 | I39: livre | M39: Subsolo, térreo e 2º pav = 100%; demais pav = 66% | N39: Alinhamento predial | O39: Obrigatório mecanismo contenção cheias | P39: 2 | Q39: 11x330
A40: Zona Central | B40: ZC | C40: {=IFERROR(IF(XLOOKUP(B40,Planilha1!$B:$B,Planilha1!$C:$C)=0,"",XLOOKUP(B40,Planilha1!$B:$B,Planilha1!$C:$C)),"")} -> ZC | D40: Não Habitacional | E40: Indústria do Tipo 1 | F40: Permitido | K40: 200 | R40: A critério CMU até 400m²
A41: Zona Residencial 1 | B41: ZR-1 | C41: {=IFERROR(IF(XLOOKUP(B41,Planilha1!$B:$B,Planilha1!$C:$C)=0,"",XLOOKUP(B41,Planilha1!$B:$B,Planilha1!$C:$C)),"")} -> ZR1 | D41: Habitacional | E41: Habitações Unifamiliares | F41: Permitido | G41: 1 | I41: 2 | M41: 50 | N41: 5 | O41: 25 | Q41: 15x600 | R41: Limite 1 habitação por fração de 300m²
A42: Zona Residencial 1 | B42: ZR-1 | C42: {=IFERROR(IF(XLOOKUP(B42,Planilha1!$B:$B,Planilha1!$C:$C)=0,"",XLOOKUP(B42,Planilha1!$B:$B,Planilha1!$C:$C)),"")} -> ZR1 | D42: Habitacional | E42: Habitação Unifamiliar em Série | F42: Permitido | Q42: 15x600 | R42: Somente terrenos <20.000m², fração mín 300m² por unidade
A43: Zona Residencial 1 | B43: ZR-1 | C43: {=IFERROR(IF(XLOOKUP(B43,Planilha1!$B:$B,Planilha1!$C:$C)=0,"",XLOOKUP(B43,Planilha1!$B:$B,Planilha1!$C:$C)),"")} -> ZR1 | D43: Não Habitacional | E43: Comércio e Serviço Vicinal | F43: Permitido | K43: 100 | R43: Somente alvará em edificação existente
A44: Zona Residencial 1 | B44: ZR-1 | C44: {=IFERROR(IF(XLOOKUP(B44,Planilha1!$B:$B,Planilha1!$C:$C)=0,"",XLOOKUP(B44,Planilha1!$B:$B,Planilha1!$C:$C)),"")} -> ZR1 | D44: Não Habitacional | E44: Indústria Tipo 1 | F44: Permitido | K44: 100 | R44: Somente alvará em edificação existente, vinculada ao uso habitacional
A45: Zona Residencial 2 | B45: ZR-2 | C45: {=IFERROR(IF(XLOOKUP(B45,Planilha1!$B:$B,Planilha1!$C:$C)=0,"",XLOOKUP(B45,Planilha1!$B:$B,Planilha1!$C:$C)),"")} -> ZR2 | D45: Habitacional | E45: Habitação Unifamiliar | F45: Permitido | G45: 1 | I45: 2 | M45: 50 | N45: 5 | O45: 25 | Q45: 12x360 | R45: Fração mín 120m² por unidade
A46: Zona Residencial 2 | B46: ZR-2 | C46: {=IFERROR(IF(XLOOKUP(B46,Planilha1!$B:$B,Planilha1!$C:$C)=0,"",XLOOKUP(B46,Planilha1!$B:$B,Planilha1!$C:$C)),"")} -> ZR2 | D46: Habitacional | E46: Habitação Unifamiliar em Série, Habitação Institucional, Empreendimento inclusivo de habitação de interesse social | F46: Permitido | G46: 1 | I46: 2 | M46: 50 | N46: 5 | O46: 25 | Q46: 12x360 | R46: Hab. série: somente lotes <20.000m²
A47: Zona Residencial 2 | B47: ZR-2 | C47: {=IFERROR(IF(XLOOKUP(B47,Planilha1!$B:$B,Planilha1!$C:$C)=0,"",XLOOKUP(B47,Planilha1!$B:$B,Planilha1!$C:$C)),"")} -> ZR2 | D47: Não Habitacional | E47: Comunitário 1 | F47: Permitido | G47: 1 | I47: 2 | K47: 200 | M47: 50 | N47: 5 | O47: 25 | R47: A critério CMU até 400m² em edif. existente
A48: Zona Residencial 2 | B48: ZR-2 | C48: {=IFERROR(IF(XLOOKUP(B48,Planilha1!$B:$B,Planilha1!$C:$C)=0,"",XLOOKUP(B48,Planilha1!$B:$B,Planilha1!$C:$C)),"")} -> ZR2 | D48: Não Habitacional | E48: Comércio e Serviço Vicinal e de Bairro | F48: Permitido | G48: 1 | I48: 2 | K48: 200 | M48: 50 | N48: 5 | O48: 25 | R48: A critério CMU até 400m² em edif. existente
A49: Zona Residencial 2 | B49: ZR-2 | C49: {=IFERROR(IF(XLOOKUP(B49,Planilha1!$B:$B,Planilha1!$C:$C)=0,"",XLOOKUP(B49,Planilha1!$B:$B,Planilha1!$C:$C)),"")} -> ZR2 | D49: Não Habitacional | E49: Comunitário 2 - Culto Religioso | F49: Permitido | G49: 1 | I49: 2 | M49: 50 | N49: 5 | O49: 25
A50: Zona Residencial 2 | B50: ZR-2 | C50: {=IFERROR(IF(XLOOKUP(B50,Planilha1!$B:$B,Planilha1!$C:$C)=0,"",XLOOKUP(B50,Planilha1!$B:$B,Planilha1!$C:$C)),"")} -> ZR2 | D50: Não Habitacional | E50: Indústria Tipo 1 | F50: Permitido | K50: 200 | R50: Somente alvará em edificação existente
A51: Zona Residencial 3 | B51: ZR-3 | C51: {=IFERROR(IF(XLOOKUP(B51,Planilha1!$B:$B,Planilha1!$C:$C)=0,"",XLOOKUP(B51,Planilha1!$B:$B,Planilha1!$C:$C)),"")} -> ZR3 | D51: Habitacional | E51: Habitação Unifamiliar | F51: Permitido | G51: 1 | I51: 2 | M51: 50 | N51: 5 | O51: 25 | Q51: 12x360 | R51: Fração mín 120m² por unidade. Taxa até 60% para lote <padrão, só 1 unif.
A52: Zona Residencial 3 | B52: ZR-3 | C52: {=IFERROR(IF(XLOOKUP(B52,Planilha1!$B:$B,Planilha1!$C:$C)=0,"",XLOOKUP(B52,Planilha1!$B:$B,Planilha1!$C:$C)),"")} -> ZR3 | D52: Habitacional | E52: Habitação Unifamiliar em Série, Habitação Coletiva, Habitação Institucional, Habitação Transitória 1, Empreendimento inclusivo de habitação de interesse social | F52: Permitido | G52: 1 | I52: 3 | M52: 50 | N52: 5 | O52: 25 | P52: Até 3 pav: facultado. >3 pav: H/6 do térreo, mín 2,5m | Q52: 12x360 | R52: Hab. série: somente lotes <20.000m². Hab. Transitória: Apart-hotel s/ centro conv.
A53: Zona Residencial 3 | B53: ZR-3 | C53: {=IFERROR(IF(XLOOKUP(B53,Planilha1!$B:$B,Planilha1!$C:$C)=0,"",XLOOKUP(B53,Planilha1!$B:$B,Planilha1!$C:$C)),"")} -> ZR3 | D53: Não Habitacional | E53: Comunitário 1 | F53: Permitido | G53: 1 | I53: 2 | K53: 200 | M53: 50 | N53: 5 | O53: 25 | R53: A critério CMU até 400m² em edif. existente
A54: Zona Residencial 3 | B54: ZR-3 | C54: {=IFERROR(IF(XLOOKUP(B54,Planilha1!$B:$B,Planilha1!$C:$C)=0,"",XLOOKUP(B54,Planilha1!$B:$B,Planilha1!$C:$C)),"")} -> ZR3 | D54: Não Habitacional | E54: Comunitário 2 - Saúde, Comércio e Serviço Vicinal e de Bairro | F54: Permitido | G54: 1 | I54: 2 | K54: 200 | M54: 50 | N54: 5 | O54: 25 | R54: A critério CMU até 400m² em edif. existente
A55: Zona Residencial 3 | B55: ZR-3 | C55: {=IFERROR(IF(XLOOKUP(B55,Planilha1!$B:$B,Planilha1!$C:$C)=0,"",XLOOKUP(B55,Planilha1!$B:$B,Planilha1!$C:$C)),"")} -> ZR3 | D55: Não Habitacional | E55: Comunitário 2 - Culto Religioso | F55: Permitido | G55: 1 | I55: 2 | M55: 50 | N55: 5 | O55: 25
A56: Zona Residencial 3 | B56: ZR-3 | C56: {=IFERROR(IF(XLOOKUP(B56,Planilha1!$B:$B,Planilha1!$C:$C)=0,"",XLOOKUP(B56,Planilha1!$B:$B,Planilha1!$C:$C)),"")} -> ZR3 | D56: Não Habitacional | E56: Indústria do Tipo 1 | F56: Permitido | K56: 200 | R56: Somente alvará em edificação existente
A57: Zona Residencial 3 Transição | B57: ZR3-T | C57: {=IFERROR(IF(XLOOKUP(B57,Planilha1!$B:$B,Planilha1!$C:$C)=0,"",XLOOKUP(B57,Planilha1!$B:$B,Planilha1!$C:$C)),"")} -> ZR3-T | D57: Habitacional | E57: Habitações Unifamiliares, Habitação Coletiva, Habitação Institucional, Habitação Transitória 1 | F57: Permitido | G57: 1 | I57: 4 | M57: 50 | N57: 5 | O57: 25 | P57: Até 2 pav: facultado. >2 pav: H/6 do térreo, mín 2,5m | Q57: 15x450 | R57: Testada p/ vias externas EE e ENC até 100m prof.
A58: Zona Residencial 3 Transição | B58: ZR3-T | C58: {=IFERROR(IF(XLOOKUP(B58,Planilha1!$B:$B,Planilha1!$C:$C)=0,"",XLOOKUP(B58,Planilha1!$B:$B,Planilha1!$C:$C)),"")} -> ZR3-T | D58: Não Habitacional | E58: Comunitário 1 e 2, Edifício de escritórios e Sede Administrativa, Comércio e Serviço Vicinal e de Bairro | F58: Permitido | G58: 1 | I58: 2 | K58: 200 | M58: 50 | N58: 5 | O58: 25 | R58: A critério CMU até 400m² em edif. existente
A59: Zona Residencial 3 Transição | B59: ZR3-T | C59: {=IFERROR(IF(XLOOKUP(B59,Planilha1!$B:$B,Planilha1!$C:$C)=0,"",XLOOKUP(B59,Planilha1!$B:$B,Planilha1!$C:$C)),"")} -> ZR3-T | D59: Não Habitacional | E59: Comunitário 2 - Culto Religioso e Saúde, Comunitário 2 - Ensino | F59: Permitido | G59: 1 | I59: 2 | M59: 50 | N59: 5 | O59: 25
A60: Zona Residencial 3 Transição | B60: ZR3-T | C60: {=IFERROR(IF(XLOOKUP(B60,Planilha1!$B:$B,Planilha1!$C:$C)=0,"",XLOOKUP(B60,Planilha1!$B:$B,Planilha1!$C:$C)),"")} -> ZR3-T | D60: Não Habitacional | E60: Indústria do Tipo 1 | F60: Permitido | K60: 400 | R60: Somente alvará em edificação existente
A61: Zona Residencial 4 | B61: ZR-4 | C61: {=IFERROR(IF(XLOOKUP(B61,Planilha1!$B:$B,Planilha1!$C:$C)=0,"",XLOOKUP(B61,Planilha1!$B:$B,Planilha1!$C:$C)),"")} -> ZR4 | D61: Habitacional | E61: Habitações Unifamiliares, Habitação Unifamiliar em Série | F61: Permitido | G61: 1 | I61: 2 | M61: 50 | N61: 5 | O61: 25 | Q61: 15x450 | R61: Fração mín 120m² por unidade
A62: Zona Residencial 4 | B62: ZR-4 | C62: {=IFERROR(IF(XLOOKUP(B62,Planilha1!$B:$B,Planilha1!$C:$C)=0,"",XLOOKUP(B62,Planilha1!$B:$B,Planilha1!$C:$C)),"")} -> ZR4 | D62: Habitacional | E62: Habitação Coletiva, Habitação Institucional, Habitação Transitória 1 | F62: Permitido | G62: 2 | I62: 6 | M62: 50 | N62: 5 | O62: 25 | P62: Até 2 pav: facultado. >2 pav: H/6, mín 2,5m | Q62: 15x450 | R62: Hab. série: <20.000m². Hab. Trans.: s/ centro conv.
A63: Zona Residencial 4 | B63: ZR-4 | C63: {=IFERROR(IF(XLOOKUP(B63,Planilha1!$B:$B,Planilha1!$C:$C)=0,"",XLOOKUP(B63,Planilha1!$B:$B,Planilha1!$C:$C)),"")} -> ZR4 | D63: Não Habitacional | E63: Comunitário 1, Comunitário 2 - Saúde, Comércio e Serviço Vicinal e de Bairro | F63: Permitido | G63: 1 | I63: 2 | K63: 200 | M63: 50 | N63: 5 | O63: 25 | R63: A critério CMU até 400m² em edif. existente
A64: Zona Residencial 4 | B64: ZR-4 | C64: {=IFERROR(IF(XLOOKUP(B64,Planilha1!$B:$B,Planilha1!$C:$C)=0,"",XLOOKUP(B64,Planilha1!$B:$B,Planilha1!$C:$C)),"")} -> ZR4 | D64: Não Habitacional | E64: Comunitário 2 - Culto Religioso, Sede Administrativa | F64: Permitido | G64: 1 | I64: 2 | M64: 50 | N64: 5 | O64: 25
A65: Zona Residencial 4 | B65: ZR-4 | C65: {=IFERROR(IF(XLOOKUP(B65,Planilha1!$B:$B,Planilha1!$C:$C)=0,"",XLOOKUP(B65,Planilha1!$B:$B,Planilha1!$C:$C)),"")} -> ZR4 | D65: Não Habitacional | E65: Indústria do Tipo 1 | F65: Permitido | K65: 200 | R65: Somente alvará em edificação existente
A66: Zona de Uso Misto 1 | B66: ZUM-1 | C66: {=IFERROR(IF(XLOOKUP(B66,Planilha1!$B:$B,Planilha1!$C:$C)=0,"",XLOOKUP(B66,Planilha1!$B:$B,Planilha1!$C:$C)),"")} -> ZUM-1 | D66: Habitacional | E66: Habitação Unifamiliar, Habitação Unifamiliar em série, Habitação Coletiva, Habitação Institucional, Habitação Transitória 1 | F66: Permitido | G66: 1 | I66: 2 | M66: 50 | N66: 5 | O66: 25 | P66: Até 2 pav: facultado. >2 pav: H/6 do térreo, mín 2,5m | R66: 1 hab. unif. por lote. Conj. hab.: <20.000m²
A67: Zona de Uso Misto 1 | B67: ZUM-1 | C67: {=IFERROR(IF(XLOOKUP(B67,Planilha1!$B:$B,Planilha1!$C:$C)=0,"",XLOOKUP(B67,Planilha1!$B:$B,Planilha1!$C:$C)),"")} -> ZUM-1 | D67: Não Habitacional | E67: Comunitário 1 e 2, Comunitário 3, Comércio e Serviço Vicinal, de Bairro e Setorial, Posto de Abastecimento | F67: Permitido | G67: 1 | I67: 4 | M67: 50 | N67: 5 | O67: 25 | P67: Até 2 pav: facultado. >2 pav: H/6 do térreo, mín 2,5m
A68: Zona de Uso Misto 1 | B68: ZUM-1 | C68: {=IFERROR(IF(XLOOKUP(B68,Planilha1!$B:$B,Planilha1!$C:$C)=0,"",XLOOKUP(B68,Planilha1!$B:$B,Planilha1!$C:$C)),"")} -> ZUM-1 | D68: Não Habitacional | E68: Indústria Tipo 1 | F68: Permitido | K68: 400 | R68: Somente alvará em edificação existente
A69: Zona de Uso Misto 2 | B69: ZUM-2 | C69: {=IFERROR(IF(XLOOKUP(B69,Planilha1!$B:$B,Planilha1!$C:$C)=0,"",XLOOKUP(B69,Planilha1!$B:$B,Planilha1!$C:$C)),"")} -> ZUM-2 | D69: Habitacional | E69: Habitações Unifamiliares, Habitações unifamiliares em série, Habitação Coletiva, Habitação Institucional, Habitação Transitória 1 | F69: Permitido | G69: 1 | I69: 2 | M69: 50 | N69: 5 | O69: 25 | P69: Até 2 pav: facultado. >2 pav: H/6 do térreo, mín 2,5m | Q69: 15x450 | R69: Até 3 hab. unif. por lote. Conj. hab.: <20.000m²
A70: Zona de Uso Misto 2 | B70: ZUM-2 | C70: {=IFERROR(IF(XLOOKUP(B70,Planilha1!$B:$B,Planilha1!$C:$C)=0,"",XLOOKUP(B70,Planilha1!$B:$B,Planilha1!$C:$C)),"")} -> ZUM-2 | D70: Não Habitacional | E70: Comunitário 1 e 2, Comunitário 3, Comércio e Serviço Vicinal, de Bairro e Setorial, Estacionamento comercial e edifício garagem, Comunitário 2 - Culto Religioso, Posto de abastecimento | F70: Permitido | G70: 1 | I70: 6 | K70: 200 | M70: 50 | N70: 5 | O70: 25 | P70: Até 2 pav: facultado. >2 pav: H/6 do térreo, mín 2,5m | R70: A critério CMU até 400m² em edif. existente
A71: Zona de Uso Misto 2 | B71: ZUM-2 | C71: {=IFERROR(IF(XLOOKUP(B71,Planilha1!$B:$B,Planilha1!$C:$C)=0,"",XLOOKUP(B71,Planilha1!$B:$B,Planilha1!$C:$C)),"")} -> ZUM-2 | D71: Não Habitacional | E71: Indústria Tipo 1 | F71: Permitido | K71: 400 | R71: Somente alvará em edificação existente
A72: Zona de Uso Misto 3 | B72: ZUM-3 | C72: {=IFERROR(IF(XLOOKUP(B72,Planilha1!$B:$B,Planilha1!$C:$C)=0,"",XLOOKUP(B72,Planilha1!$B:$B,Planilha1!$C:$C)),"")} -> ZUM-3 | D72: Habitacional | E72: Habitações Unifamiliares, Habitação Coletiva, Habitação Institucional, Habitação Transitória 1 | F72: Permitido | G72: 1 | I72: 2 | M72: 50 | N72: 5 | O72: 25 | P72: Até 2 pav: facultado. >2 pav: H/6 do térreo, mín 2,5m | Q72: 12x360 | R72: Até 3 hab. unif. por lote. Conj. hab.: <20.000m²
A73: Zona de Uso Misto 3 | B73: ZUM-3 | C73: {=IFERROR(IF(XLOOKUP(B73,Planilha1!$B:$B,Planilha1!$C:$C)=0,"",XLOOKUP(B73,Planilha1!$B:$B,Planilha1!$C:$C)),"")} -> ZUM-3 | D73: Não Habitacional | E73: Comunitário 1 e 2, Comunitário 3, Comércio e Serviço Vicinal, de Bairro e Setorial, Estacionamento comercial e edifício garagem, Posto de abastecimento | F73: Permitido | G73: 1 | I73: 4 | K73: 200 | M73: 50 | N73: 5 | O73: 25 | P73: Até 2 pav: facultado. >2 pav: H/6 do térreo, mín 2,5m | R73: A critério CMU até 400m² em edif. existente
A74: Zona de Uso Misto 3 | B74: ZUM-3 | C74: {=IFERROR(IF(XLOOKUP(B74,Planilha1!$B:$B,Planilha1!$C:$C)=0,"",XLOOKUP(B74,Planilha1!$B:$B,Planilha1!$C:$C)),"")} -> ZUM-3 | D74: Não Habitacional | E74: Indústria Tipo 1 | F74: Permitido | K74: 400 | R74: Somente alvará em edificação existente
A75: Zona Educacional | B75: ZE | C75: {=IFERROR(IF(XLOOKUP(B75,Planilha1!$B:$B,Planilha1!$C:$C)=0,"",XLOOKUP(B75,Planilha1!$B:$B,Planilha1!$C:$C)),"")} -> ZE | D75: Habitacional | E75: Habitação Unifamiliar | F75: Permitido | G75: 0,5 | I75: 2 | M75: 30 | N75: 10 | O75: 25 | Q75: 20x600 | R75: 1 hab. unif. por lote
A76: Zona Educacional | B76: ZE | C76: {=IFERROR(IF(XLOOKUP(B76,Planilha1!$B:$B,Planilha1!$C:$C)=0,"",XLOOKUP(B76,Planilha1!$B:$B,Planilha1!$C:$C)),"")} -> ZE | D76: Habitacional | E76: Habitação Coletiva, Habitação Transitória 1 | F76: Permitido | G76: 0,5 | I76: 4 | M76: 30 | N76: 10 | O76: 25 | P76: 5 | R76: A critério CMU até >4 pav conforme plano ocupação
A77: Zona Educacional | B77: ZE | C77: {=IFERROR(IF(XLOOKUP(B77,Planilha1!$B:$B,Planilha1!$C:$C)=0,"",XLOOKUP(B77,Planilha1!$B:$B,Planilha1!$C:$C)),"")} -> ZE | D77: Não Habitacional | E77: Comunitário 1 e 2, Comunitário 3 - Ensino, Usos vinculados às atividades de Ensino, Serviços Públicos | F77: Permitido | G77: 0,5 | I77: 4 | M77: 30 | N77: 10 | O77: 25 | P77: 5
A78: Zona Educacional | B78: ZE | C78: {=IFERROR(IF(XLOOKUP(B78,Planilha1!$B:$B,Planilha1!$C:$C)=0,"",XLOOKUP(B78,Planilha1!$B:$B,Planilha1!$C:$C)),"")} -> ZE | D78: Não Habitacional | E78: Comércio e Serviço Vicinal e de Bairro | F78: Permitido | K78: 200
A79: Zona Industrial | B79: ZI | C79: {=IFERROR(IF(XLOOKUP(B79,Planilha1!$B:$B,Planilha1!$C:$C)=0,"",XLOOKUP(B79,Planilha1!$B:$B,Planilha1!$C:$C)),"")} -> ZI | D79: Habitacional | E79: Habitação Unifamiliar | F79: Permitido | G79: 0,6 | I79: 2 | M79: 30 | N79: 15 | O79: 25 | P79: 2,5 | Q79: 20x600
A80: Zona Industrial | B80: ZI | C80: {=IFERROR(IF(XLOOKUP(B80,Planilha1!$B:$B,Planilha1!$C:$C)=0,"",XLOOKUP(B80,Planilha1!$B:$B,Planilha1!$C:$C)),"")} -> ZI | D80: Não Habitacional | E80: Indústria | F80: Permitido | G80: 1 | M80: 50 | N80: 15 | O80: 25 | P80: Mín 3m c/ 7m para testada >50m | R80: Admitidas atividades complementares vinculadas ao uso industrial
A81: Zona Industrial | B81: ZI | C81: {=IFERROR(IF(XLOOKUP(B81,Planilha1!$B:$B,Planilha1!$C:$C)=0,"",XLOOKUP(B81,Planilha1!$B:$B,Planilha1!$C:$C)),"")} -> ZI | D81: Não Habitacional | E81: Comércio e Serviço Setorial e Geral | F81: Permitido | G81: 0,6 | M81: 50 | N81: 15 | O81: 25 | P81: Mín 5m para testada >50m
A82: Eixo de Adensamento Comendador Franco | B82: EACF | C82: {=IFERROR(IF(XLOOKUP(B82,Planilha1!$B:$B,Planilha1!$C:$C)=0,"",XLOOKUP(B82,Planilha1!$B:$B,Planilha1!$C:$C)),"")} -> EACF | D82: Habitacional | E82: Habitação Unifamiliar, Habitação Coletiva, Habitação Institucional, Habitação Transitória 1, Empreendimento Inclusivo de Habitação de Interesse Social | F82: Permitido | G82: 1 | I82: 4 | M82: 50 | N82: 5 | O82: 25 | P82: Até 2 pav: facultado. >2 pav: H/6 do térreo, mín 2,5m | Q82: 15x450 | R82: 1 hab. unif. para Av. Comendador Franco; demais vias: até 3 hab. unif. Obrig. via local 80m ou metade quadra
A83: Eixo de Adensamento Comendador Franco | B83: EACF | C83: {=IFERROR(IF(XLOOKUP(B83,Planilha1!$B:$B,Planilha1!$C:$C)=0,"",XLOOKUP(B83,Planilha1!$B:$B,Planilha1!$C:$C)),"")} -> EACF | D83: Não Habitacional | E83: Comunitário 1 e 2, Comunitário 3, Comércio e Serviço Vicinal, de Bairro e Setorial, Posto de Abastecimento | F83: Permitido | G83: 1 | I83: 2 | M83: 50 | N83: 5 | O83: 25
A84: Eixo de Adensamento Comendador Franco | B84: EACF | C84: {=IFERROR(IF(XLOOKUP(B84,Planilha1!$B:$B,Planilha1!$C:$C)=0,"",XLOOKUP(B84,Planilha1!$B:$B,Planilha1!$C:$C)),"")} -> EACF | D84: Não Habitacional | E84: Indústria do Tipo 1 | F84: Permitido | K84: 400 | R84: Somente alvará em edificação existente
A85: Eixo Estrutural - Via Central | B85: EE-VC | C85: {=IFERROR(IF(XLOOKUP(B85,Planilha1!$B:$B,Planilha1!$C:$C)=0,"",XLOOKUP(B85,Planilha1!$B:$B,Planilha1!$C:$C)),"")} -> EE | D85: Habitacional | E85: Habitação Unifamiliar | F85: Permitido | G85: 1 | I85: 2 | M85: 50 | N85: 10 | O85: 25 | Q85: 15x450 | R85: 1 hab. unif. por lote. Sem Plano Massa: CA=1, H=2
A86: Eixo Estrutural - Via Central | B86: EE-VC | C86: {=IFERROR(IF(XLOOKUP(B86,Planilha1!$B:$B,Planilha1!$C:$C)=0,"",XLOOKUP(B86,Planilha1!$B:$B,Planilha1!$C:$C)),"")} -> EE | D86: Habitacional | E86: Habitação Coletiva, Habitação Institucional, Habitação Transitória 1 | F86: Permitido | G86: 4 | I86: Embasamento=3; Bloco vertical=livre | M86: Térreo e 2º pav = 100%; demais pav = 50% | N86: Embasamento: alinhamento; Bloco vertical: 15m | P86: Para embasamento; Bloco vertical: H/6 do térreo, mín 2,5m | R86: CA limitado a 3 entre Funcionários-Gardolinski (EE Norte) e Kennedy-Churchill (EE Sul) para uso exclusivamente hab.
A87: Eixo Nova Curitiba - Via Central e Outras Vias | B87: ENC | C87: {=IFERROR(IF(XLOOKUP(B87,Planilha1!$B:$B,Planilha1!$C:$C)=0,"",XLOOKUP(B87,Planilha1!$B:$B,Planilha1!$C:$C)),"")} -> ENC | D87: Habitacional | E87: Habitação Unifamiliar | F87: Permitido | G87: 1 | I87: 2 | M87: 50 | N87: 10 | O87: 25 | R87: 1 hab. unif. por lote
A88: Eixo Nova Curitiba - Via Central e Outras Vias | B88: ENC | C88: {=IFERROR(IF(XLOOKUP(B88,Planilha1!$B:$B,Planilha1!$C:$C)=0,"",XLOOKUP(B88,Planilha1!$B:$B,Planilha1!$C:$C)),"")} -> ENC | D88: Habitacional | E88: Habitação Coletiva, Habitação Institucional, Habitação Transitória 1 | F88: Permitido | G88: 2 | I88: livre | M88: Subsolo: 60%; Térreo e demais pav: 50% | N88: 5 | O88: 25 | P88: Até 2 pav: facultado. >2 pav: H/6, mín 2,5m | Q88: 15x450 | R88: Hab. Coletiva: CA adicional 1,0 se dens≥200hab/ha
A89: Eixo Marechal Floriano Peixoto | B89: EMF | C89: {=IFERROR(IF(XLOOKUP(B89,Planilha1!$B:$B,Planilha1!$C:$C)=0,"",XLOOKUP(B89,Planilha1!$B:$B,Planilha1!$C:$C)),"")} -> EMF | D89: Habitacional | E89: Habitação Unifamiliar, Habitação Coletiva, Habitação Institucional, Habitação Transitória 1, Empreendimento inclusivo de habitação de interesse social | F89: Permitido | G89: 1 | I89: 4 | M89: Subsolo, térreo e 2º pav: 75%; Demais pav: 50% | N89: 5 | P89: Até 2 pav: facultado. >2 pav: H/6 do térreo, mín 2,5m | Q89: 15x450 | R89: 1 hab. unif. por lote
A90: Setor Preferencial de Pedestres - XV e Central | B90: SEPE-C | C90: {=IFERROR(IF(XLOOKUP(B90,Planilha1!$B:$B,Planilha1!$C:$C)=0,"",XLOOKUP(B90,Planilha1!$B:$B,Planilha1!$C:$C)),"")} | D90: Habitacional | E90: Habitação Unifamiliar, Habitação Coletiva, Habitação institucional, Habitação Transitória 1 | F90: Permitido | G90: 3,6 | I90: 5 | M90: Térreo e 2º pav = 100%; demais pav = 66% | N90: Alinhamento predial | Q90: 11x330 | R90: 1 hab. unif. por lote. Setor Central até 15m profundidade: H=5 pav
A91: Setor Habitacional de Interesse Social | B91: SEHIS | C91: {=IFERROR(IF(XLOOKUP(B91,Planilha1!$B:$B,Planilha1!$C:$C)=0,"",XLOOKUP(B91,Planilha1!$B:$B,Planilha1!$C:$C)),"")} -> SEHIS | D91: Habitacional | E91: Habitação Unifamiliar, Habitações Unifamiliares em série, Habitação Coletiva, Habitação Institucional, Empreendimento inclusivo de habitação de interesse social | F91: Permitido | G91: 1,0 | I91: 2 | M91: 50 | N91: 5 | O91: 25 | Q91: 15x450 | R91: Análise a critério do CMU
A92: Setor Habitacional de Interesse Social | B92: SEHIS | C92: {=IFERROR(IF(XLOOKUP(B92,Planilha1!$B:$B,Planilha1!$C:$C)=0,"",XLOOKUP(B92,Planilha1!$B:$B,Planilha1!$C:$C)),"")} -> SEHIS | D92: Não Habitacional | E92: Comunitário 1 e 2, Comunitário 3, Comércio e Serviço Vicinal e de Bairro | F92: Permitido | G92: 1,0 | I92: 2 | K92: 200 | M92: 50 | N92: 5 | O92: 25 | R92: Análise a critério do CMU
A93: Zona Residencial de Ocupação Controlada 1 | B93: ZROC-1 | C93: {=IFERROR(IF(XLOOKUP(B93,Planilha1!$B:$B,Planilha1!$C:$C)=0,"",XLOOKUP(B93,Planilha1!$B:$B,Planilha1!$C:$C)),"")} -> ZROC | D93: Habitacional | E93: Habitações Unifamiliares, Habitações Unifamiliares em série, Habitação Coletiva, Habitação Institucional | F93: Permitido | G93: 1 | I93: 2 | M93: 50 | N93: 5 | O93: 25 | Q93: 15x450 | R93: Atendidas condições art. 48. Hab. série: lotes <20.000m²
A94: Zona Residencial de Ocupação Controlada 1 | B94: ZROC-1 | C94: {=IFERROR(IF(XLOOKUP(B94,Planilha1!$B:$B,Planilha1!$C:$C)=0,"",XLOOKUP(B94,Planilha1!$B:$B,Planilha1!$C:$C)),"")} -> ZROC | D94: Habitacional | E94: Habitações Unifamiliares, Habitações Unifamiliares em série, Habitação Institucional, Habitação Transitória 1 | F94: Permitido | G94: 0,4 | I94: 2 | M94: 30 | N94: 5 | O94: 50 | Q94: 20x2000 | R94: Densidade máx 5 hab/ha
A95: Zona Residencial de Ocupação Controlada 1 | B95: ZROC-1 | C95: {=IFERROR(IF(XLOOKUP(B95,Planilha1!$B:$B,Planilha1!$C:$C)=0,"",XLOOKUP(B95,Planilha1!$B:$B,Planilha1!$C:$C)),"")} -> ZROC | D95: Não Habitacional | E95: Comunitário 1, Comércio e Serviço Vicinal e de Bairro | F95: Permitido | G95: 1 | I95: 2 | K95: 200 | M95: 50 | N95: 5 | O95: 25 | R95: A critério CMU até 400m² em edif. existente
A96: Zona Residencial de Ocupação Integrada | B96: ZROI | C96: {=IFERROR(IF(XLOOKUP(B96,Planilha1!$B:$B,Planilha1!$C:$C)=0,"",XLOOKUP(B96,Planilha1!$B:$B,Planilha1!$C:$C)),"")} -> ZROI | D96: Habitacional | E96: Habitações Unifamiliares, Habitação Coletiva, Habitações Unifamiliares em série, Habitação Institucional | F96: Permitido | G96: 1 | I96: 2 | M96: 50 | N96: 5 | O96: 25 | Q96: 15x450 | R96: Até 3 habitações unif. por lote. Conj. hab.: <20.000m²
A97: Zona Residencial de Ocupação Integrada | B97: ZROI | C97: {=IFERROR(IF(XLOOKUP(B97,Planilha1!$B:$B,Planilha1!$C:$C)=0,"",XLOOKUP(B97,Planilha1!$B:$B,Planilha1!$C:$C)),"")} -> ZROI | D97: Não Habitacional | E97: Comunitário 1, Comércio e Serviço Vicinal e de Bairro | F97: Permitido | G97: 1 | I97: 2 | K97: 200 | M97: 50 | N97: 5 | O97: 25 | R97: A critério CMU até 400m² em edif. existente
A98: Zona Saldanha Marinho | B98: ZSM | C98: {=IFERROR(IF(XLOOKUP(B98,Planilha1!$B:$B,Planilha1!$C:$C)=0,"",XLOOKUP(B98,Planilha1!$B:$B,Planilha1!$C:$C)),"")} -> ZSM | D98: Habitacional | E98: Habitação Unifamiliar, Habitação Coletiva, Habitação Institucional, Habitação Transitória 1 | F98: Permitido | G98: 2 | I98: 6 | M98: Térreo e 2º pav = 100%; Demais pav = 50% | N98: Facultado subsolo, térreo e 2º pav. >2º pav: 5m | R98: 1 hab. unif. por lote
A99: Zona Saldanha Marinho | B99: ZSM | C99: {=IFERROR(IF(XLOOKUP(B99,Planilha1!$B:$B,Planilha1!$C:$C)=0,"",XLOOKUP(B99,Planilha1!$B:$B,Planilha1!$C:$C)),"")} -> ZSM | D99: Não Habitacional | E99: Comunitário 1 e 2, Comunitário 3 - Saúde e Ensino, Supermercado e Centro Comercial, Comércio e Serviço Vicinal e de Bairro e Setorial, Edifício Garagem e Estacionamento Comercial | F99: Permitido | G99: 1 | I99: 6 | M99: Térreo e 2º pav = 100%; Demais pav = 50% | N99: Facultado subsolo, térreo e 2º pav. >2º pav: 5m | R99: Obrigatório comércio/serviço no térreo, min 50% testada
A100: Zona São Francisco | B100: ZFR | C100: {=IFERROR(IF(XLOOKUP(B100,Planilha1!$B:$B,Planilha1!$C:$C)=0,"",XLOOKUP(B100,Planilha1!$B:$B,Planilha1!$C:$C)),"")} -> ZFR | D100: Habitacional | E100: Habitação Unifamiliar, Habitação Coletiva, Habitação institucional, Habitação Transitória 1 | F100: Permitido | G100: 2 | I100: 6 | M100: 50 | N100: 5 | O100: 25 | P100: Até 2 pav: facultado. >2 pav: H/6 do térreo, mín 2,5m | Q100: 15x450 | R100: 1 hab. unif. por lote
...

Sheet Planilha1
A1: Nome da Zona | B1: Sigla | C1: SIGLA NO GIS | D1: SG_ZONA
A2: Eixo de Adensamento Engenheiro Costa Barros | B2: EACB | C2: EACB | D2: APA-IGUAÇU
A3: Eixo de Adensamento Comendador Franco | B3: EACF | C3: EACF | D3: APA-PASSAÚNA
A4: Eixo Presidente Affonso Camargo - Outras Vias | B4: EAC-OV | C4: EAC | D4: ZED-LV
A5: Eixo Presidente Affonso Camargo - Via Central | B5: EAC-VC | C5: EAC | D5: ZI-LV
A6: Eixos Conectores Leste 1, 2, 3 | B6: ECL-1/2/3 | C6: ECL-3 | D6: ZS-2-LV
A7: Eixos Conectores Oeste 1, 2, 3 e 4
A8: Eixos Conectores Sul 1 e 2 | B8: ECS-1/2 | C8: ECS-1
A9: Eixo Estrutural - Outras Vias | B9: EE-OV | C9: EE
A10: Eixo Estrutural - Via Central | B10: EE-VC | C10: EE
A11: Eixo Estrutural - Vias Externas | B11: EE-VE | C11: EE
A12: Eixo Marechal Floriano Peixoto | B12: EMF | C12: EMF
A13: Eixo Nova Curitiba - Via Central e Outras Vias | B13: ENC | C13: ENC
A14: Eixo Nova Curitiba - Vias Externas | B14: ENC-VE | C14: ENC
A15: Polo da Linha Verde | B15: POLO-LV | C15: POLO-LV
A16: Setor Habitacional de Interesse Social | B16: SEHIS | C16: SEHIS
A17: Setor Especial da Linha Verde | B17: SE-LV | C17: SE-LV
A18: Setor Preferencial de Pedestres - XV e Central | B18: SEPE-C
A19: Setor das Vias Coletoras 1 | B19: SVC-1
A20: Setor das Vias Coletoras 2 | B20: SVC-2
A21: Setor das Vias Prioritárias | B21: SVP
A22: Setor das Vias Setoriais 1 | B22: SVS-1
A23: Setor das Vias Setoriais 2 | B23: SVS-2
A24: Zona Central | B24: ZC | C24: ZC
A25: Zona Centro Cívico - Demais Vias | B25: ZCC | C25: ZCC
A26: Zona Centro Cívico - Via Cândido de Abreu | B26: ZCC-CA
A27: Zona Comercial Santa Felicidade / Zona Comercial Umbará | B27: ZCSF/ZCUM | C27: ZCSF
A28: Zona Educacional | B28: ZE | C28: ZE
A29: Zona São Francisco | B29: ZFR | C29: ZFR
A30: Zona Histórica 1 | B30: ZH-1 | C30: ZH-1
A31: Zona Histórica 2 | B31: ZH-2 | C31: ZH-2
A32: Zona Industrial | B32: ZI | C32: ZI
A33: Zona Militar | B33: ZM | C33: ZM
A34: Zona Polo de Software | B34: ZPS | C34: ZPS
A35: Zona Residencial 1 | B35: ZR-1 | C35: ZR1
A36: Zona Residencial 2 | B36: ZR-2 | C36: ZR2
A37: Zona Residencial 3 | B37: ZR-3 | C37: ZR3
A38: Zona Residencial 3 Transição | B38: ZR3-T | C38: ZR3-T
... A49: Zona de Uso Misto do Vale do Pinhão | B49: ZUMVP | C49: ZUMVP
B50: ECO-1/2/3/4 | C50: ECO-1
B51: ECO-1/2/3/4 | C51: ECO-2
B52: ECO-1/2/3/4 | C52: ECO-3
B53: ECO-1/2/3/4 | C53: ECO-4
B54: ZCSF/ZCUM | C54: ZCUM
