Workbook

Sheet parametros_zone
A1: sector | B1: taxa_ocupacao | C1: coeficiente_aproveitamento | D1: gabarito | E1: permeabilidade | F1: recuo_frontal | G1: recuo_lateral | H1: recuo_fundos | I1: area_minima | J1: usos_permitidos | K1: usos_condicionados | L1: usos_proibidos
A2: SA-01 | B2: 60 | C2: 4 | D2: 45 | E2: 20 | F2: 5 | G2: 1.5 | H2: 1.5 | I2: 120 | J2: [] | K2: [] | L2: []
A3: SE-03 | B3: 60 | C3: 1 | D3: 30 | E3: 20 | F3: 5 | I3: 50 | J3: ["residencial_unifamiliar","residencial_multifamiliar","comercio_varejista_pequeno","comercio_varejista_medio","comercio_varejista_grande","comercio_atacadista_pequeno","comercio_atacadista_medio_grande","servico_transporte_armazenagem_correio","servico_alojamento_alimentacao","servico_informacao_comunicacao","servico_financeiro_seguro","industria_transformacao","infraestrutura_energia","infraestrutura_agua","infraestrutura_residuos_liquidos","infraestrutura_residuos_solidos","infraestrutura_gestao_residuos"]
A4: SA-05 | B4: 60 | C4: 2 | D4: 15 | E4: 20 | F4: 5 | I4: 50 | J4: ["residencial_unifamiliar","residencial_multifamiliar","comercio_varejista_pequeno","comercio_varejista_medio","comercio_varejista_grande","comercio_atacadista_pequeno","comercio_atacadista_medio_grande","servico_transporte_armazenagem_correio","servico_alojamento_alimentacao","servico_informacao_comunicacao","servico_financeiro_seguro","industria_transformacao","infraestrutura_energia","infraestrutura_agua","infraestrutura_residuos_liquidos","infraestrutura_residuos_solidos","infraestrutura_gestao_residuos"]
A5: AUAE | B5: 60 | C5: 1 | E5: 20 | F5: 5 | I5: 60 | J5: ["residencial_unifamiliar","residencial_multifamiliar","comercio_varejista_pequeno","comercio_varejista_medio","comercio_varejista_grande","comercio_atacadista_pequeno","comercio_atacadista_medio_grande","servico_transporte_armazenagem_correio","servico_alojamento_alimentacao","servico_informacao_comunicacao","servico_financeiro_seguro","industria_transformacao","infraestrutura_energia","infraestrutura_agua","infraestrutura_residuos_liquidos","infraestrutura_residuos_solidos","infraestrutura_gestao_residuos"] | L5: ["agricultura","industria_extrativista"]
A6: SE-06 | B6: 60 | C6: 1 | D6: 15 | E6: 20 | F6: 5 | I6: 50 | J6: ["residencial_unifamiliar","residencial_multifamiliar","comercio_varejista_pequeno","comercio_varejista_medio","comercio_varejista_grande","comercio_atacadista_pequeno","comercio_atacadista_medio_grande","servico_transporte_armazenagem_correio","servico_alojamento_alimentacao","servico_informacao_comunicacao","servico_financeiro_seguro","industria_transformacao","industria_extrativista","infraestrutura_energia","infraestrutura_agua","infraestrutura_residuos_liquidos","infraestrutura_residuos_solidos","infraestrutura_gestao_residuos"]
A7: SE-06A | B7: 60 | C7: 1 | D7: 15 | E7: 20 | F7: 5 | I7: 50 | J7: ["residencial_unifamiliar","residencial_multifamiliar","comercio_varejista_pequeno","comercio_varejista_medio","comercio_varejista_grande","comercio_atacadista_pequeno","comercio_atacadista_medio_grande","servico_transporte_armazenagem_correio","servico_alojamento_alimentacao","servico_informacao_comunicacao","servico_financeiro_seguro","industria_transformacao","infraestrutura_energia","infraestrutura_agua","infraestrutura_residuos_liquidos","infraestrutura_residuos_solidos","infraestrutura_gestao_residuos"]
A8: SE-09 | B8: 60 | C8: 2 | D8: 15 | E8: 20 | F8: 5 | I8: 50 | J8: ["residencial_unifamiliar","residencial_multifamiliar","comercio_varejista_pequeno","comercio_varejista_medio","comercio_varejista_grande","comercio_atacadista_pequeno","comercio_atacadista_medio_grande","servico_transporte_armazenagem_correio","servico_alojamento_alimentacao","servico_informacao_comunicacao","servico_financeiro_seguro","industria_transformacao","infraestrutura_energia","infraestrutura_agua","infraestrutura_residuos_liquidos","infraestrutura_residuos_solidos","infraestrutura_gestao_residuos"]
A9: SE-08 | B9: 60 | C9: 4 | D9: 30 | E9: 20 | F9: 5 | I9: 50 | J9: ["residencial_unifamiliar","residencial_multifamiliar","comercio_varejista_pequeno","comercio_varejista_medio","comercio_varejista_grande","comercio_atacadista_pequeno","comercio_atacadista_medio_grande","servico_transporte_armazenagem_correio","servico_alojamento_alimentacao","servico_informacao_comunicacao","servico_financeiro_seguro","industria_transformacao","infraestrutura_energia","infraestrutura_agua","infraestrutura_residuos_liquidos","infraestrutura_residuos_solidos","infraestrutura_gestao_residuos"]
A10: SA-04 | B10: 60 | C10: 2 | D10: 15 | E10: 20 | F10: 5 | I10: 50 | J10: ["residencial_unifamiliar","residencial_multifamiliar","comercio_varejista_pequeno","comercio_varejista_medio","comercio_varejista_grande","comercio_atacadista_pequeno","comercio_atacadista_medio_grande","servico_transporte_armazenagem_correio","servico_alojamento_alimentacao","servico_informacao_comunicacao","servico_financeiro_seguro","industria_transformacao","infraestrutura_energia","infraestrutura_agua","infraestrutura_residuos_liquidos","infraestrutura_residuos_solidos","infraestrutura_gestao_residuos"]
A11: FR | B11: 60 | C11: 1 | D11: 15 | E11: 20 | F11: 5 | I11: 50 | J11: ["residencial_unifamiliar","residencial_multifamiliar","comercio_varejista_pequeno","comercio_varejista_medio","comercio_varejista_grande","comercio_atacadista_pequeno","comercio_atacadista_medio_grande","servico_transporte_armazenagem_correio","servico_alojamento_alimentacao","servico_informacao_comunicacao","servico_financeiro_seguro","industria_transformacao","infraestrutura_energia","infraestrutura_agua","infraestrutura_residuos_liquidos","infraestrutura_residuos_solidos","infraestrutura_gestao_residuos"]
A12: SE-07 | B12: 60 | E12: 20 | F12: 5 | J12: ["residencial_unifamiliar","residencial_multifamiliar","comercio_varejista_pequeno","comercio_varejista_medio","comercio_varejista_grande","comercio_atacadista_pequeno","comercio_atacadista_medio_grande","servico_transporte_armazenagem_correio","servico_alojamento_alimentacao","servico_informacao_comunicacao","servico_financeiro_seguro","industria_transformacao","infraestrutura_energia","infraestrutura_agua","infraestrutura_residuos_liquidos","infraestrutura_residuos_solidos","infraestrutura_gestao_residuos"]
A13: AUAS | B13: 60 | C13: 2 | E13: 20 | F13: 5 | I13: 50 | J13: ["residencial_unifamiliar","residencial_multifamiliar","comercio_varejista_pequeno","comercio_varejista_medio","comercio_varejista_grande","comercio_atacadista_pequeno","comercio_atacadista_medio_grande","servico_transporte_armazenagem_correio","servico_alojamento_alimentacao","servico_informacao_comunicacao","servico_financeiro_seguro","industria_transformacao","infraestrutura_energia","infraestrutura_agua","infraestrutura_residuos_liquidos","infraestrutura_residuos_solidos","infraestrutura_gestao_residuos"] | L13: ["agricultura","industria_extrativista"]
A14: ARPA | B14: 5 | C14: 0.1 | E14: 80 | F14: 10 | G14: 5 | H14: 5 | J14: ["infraestrutura_energia","infraestrutura_agua","infraestrutura_residuos_liquidos","infraestrutura_residuos_solidos","infraestrutura_gestao_residuos"] | L14: ["residencial_unifamiliar","residencial_multifamiliar","comercio_varejista_pequeno","comercio_varejista_medio","comercio_varejista_grande","comercio_atacadista_pequeno","comercio_atacadista_medio_grande","servico_transporte_armazenagem_correio","servico_alojamento_alimentacao","servico_informacao_comunicacao","servico_financeiro_seguro","industria_transformacao","industria_extrativista","agricultura","producao_florestal","pesca_aquicultura"]
A15: AUAP | B15: 60 | C15: 4 | E15: 20 | F15: 5 | I15: 60 | J15: ["residencial_unifamiliar","residencial_multifamiliar","comercio_varejista_pequeno","comercio_varejista_medio","comercio_varejista_grande","comercio_atacadista_pequeno","comercio_atacadista_medio_grande","servico_transporte_armazenagem_correio","servico_alojamento_alimentacao","servico_informacao_comunicacao","servico_financeiro_seguro","industria_transformacao","infraestrutura_energia","infraestrutura_agua","infraestrutura_residuos_liquidos","infraestrutura_residuos_solidos","infraestrutura_gestao_residuos"] | L15: ["agricultura","industria_extrativista"]
A16: SA-02 | B16: 60 | C16: 3 | D16: 25 | E16: 20 | F16: 5 | I16: 60 | J16: ["residencial_unifamiliar","residencial_multifamiliar","comercio_varejista_pequeno","comercio_varejista_medio","comercio_varejista_grande","comercio_atacadista_pequeno","comercio_atacadista_medio_grande","servico_transporte_armazenagem_correio","servico_alojamento_alimentacao","servico_informacao_comunicacao","servico_financeiro_seguro","industria_transformacao","infraestrutura_energia","infraestrutura_agua","infraestrutura_residuos_liquidos","infraestrutura_residuos_solidos","infraestrutura_gestao_residuos"]
A17: FV | B17: 60 | C17: 2 | D17: 30 | E17: 20 | F17: 5 | I17: 50 | J17: ["residencial_unifamiliar","residencial_multifamiliar","comercio_varejista_pequeno","comercio_varejista_medio","comercio_varejista_grande","comercio_atacadista_pequeno","comercio_atacadista_medio_grande","servico_transporte_armazenagem_correio","servico_alojamento_alimentacao","servico_informacao_comunicacao","servico_financeiro_seguro","industria_transformacao","infraestrutura_energia","infraestrutura_agua","infraestrutura_residuos_liquidos","infraestrutura_residuos_solidos","infraestrutura_gestao_residuos"]
A18: SE-02 | B18: 60 | C18: 2 | D18: 15 | E18: 20 | F18: 5 | I18: 60 | J18: ["residencial_unifamiliar","residencial_multifamiliar","comercio_varejista_pequeno","comercio_varejista_medio","comercio_varejista_grande","comercio_atacadista_pequeno","comercio_atacadista_medio_grande","servico_transporte_armazenagem_correio","servico_alojamento_alimentacao","servico_informacao_comunicacao","servico_financeiro_seguro","industria_transformacao","infraestrutura_energia","infraestrutura_agua","infraestrutura_residuos_liquidos","infraestrutura_residuos_solidos","infraestrutura_gestao_residuos"]
A19: SE-01 | B19: 60 | C19: 4 | D19: 30 | E19: 20 | F19: 5 | I19: 60 | J19: ["residencial_unifamiliar","residencial_multifamiliar","comercio_varejista_pequeno","comercio_varejista_medio","comercio_varejista_grande","comercio_atacadista_pequeno","comercio_atacadista_medio_grande","servico_transporte_armazenagem_correio","servico_alojamento_alimentacao","servico_informacao_comunicacao","servico_financeiro_seguro","industria_transformacao","infraestrutura_energia","infraestrutura_agua","infraestrutura_residuos_liquidos","infraestrutura_residuos_solidos","infraestrutura_gestao_residuos"]
A20: SE-04 | B20: 60 | C20: 0.1 | D20: 9 | E20: 20 | F20: 5 | I20: 50 | J20: ["residencial_unifamiliar","residencial_multifamiliar","comercio_varejista_pequeno","comercio_varejista_medio","comercio_varejista_grande","comercio_atacadista_pequeno","comercio_atacadista_medio_grande","servico_transporte_armazenagem_correio","servico_alojamento_alimentacao","servico_informacao_comunicacao","servico_financeiro_seguro","industria_transformacao","infraestrutura_energia","infraestrutura_agua","infraestrutura_residuos_liquidos","infraestrutura_residuos_solidos","infraestrutura_gestao_residuos"]
A21: AUPA | B21: 10 | C21: 0.1 | E21: 80 | F21: 10 | G21: 5 | H21: 5 | J21: ["infraestrutura_energia","infraestrutura_agua","infraestrutura_residuos_liquidos","infraestrutura_residuos_solidos","infraestrutura_gestao_residuos"] | L21: ["residencial_unifamiliar","residencial_multifamiliar","comercio_varejista_pequeno","comercio_varejista_medio","comercio_varejista_grande","comercio_atacadista_pequeno","comercio_atacadista_medio_grande","servico_transporte_armazenagem_correio","servico_alojamento_alimentacao","servico_informacao_comunicacao","servico_financeiro_seguro","industria_transformacao","industria_extrativista","agricultura","producao_florestal","pesca_aquicultura"]
A22: SE-05 | B22: 60 | C22: 0.1 | D22: 9 | E22: 20 | F22: 5 | I22: 50 | J22: ["residencial_unifamiliar","residencial_multifamiliar","comercio_varejista_pequeno","comercio_varejista_medio","comercio_varejista_grande","comercio_atacadista_pequeno","comercio_atacadista_medio_grande","servico_transporte_armazenagem_correio","servico_alojamento_alimentacao","servico_informacao_comunicacao","servico_financeiro_seguro","industria_transformacao","infraestrutura_energia","infraestrutura_agua","infraestrutura_residuos_liquidos","infraestrutura_residuos_solidos","infraestrutura_gestao_residuos"]
A23: SA-03 | B23: 60 | C23: 2 | D23: 15 | E23: 20 | F23: 5 | I23: 50 | J23: ["residencial_unifamiliar","residencial_multifamiliar","comercio_varejista_pequeno","comercio_varejista_medio","comercio_varejista_grande","comercio_atacadista_pequeno","comercio_atacadista_medio_grande","servico_transporte_armazenagem_correio","servico_alojamento_alimentacao","servico_informacao_comunicacao","servico_financeiro_seguro","industria_transformacao","infraestrutura_energia","infraestrutura_agua","infraestrutura_residuos_liquidos","infraestrutura_residuos_solidos","infraestrutura_gestao_residuos"]
A24: AUAC | B24: 60 | C24: 1.5 | E24: 20 | F24: 5 | I24: 50 | J24: ["residencial_unifamiliar","residencial_multifamiliar","comercio_varejista_pequeno","comercio_varejista_medio","comercio_varejista_grande","comercio_atacadista_pequeno","comercio_atacadista_medio_grande","servico_transporte_armazenagem_correio","servico_alojamento_alimentacao","servico_informacao_comunicacao","servico_financeiro_seguro","industria_transformacao","infraestrutura_energia","infraestrutura_agua","infraestrutura_residuos_liquidos","infraestrutura_residuos_solidos","infraestrutura_gestao_residuos"] | L24: ["agricultura","industria_extrativista"]
A25: ARUC | B25: 10 | C25: 0.1 | E25: 80 | F25: 10 | G25: 5 | H25: 5 | J25: ["residencial_unifamiliar","comercio_varejista_pequeno","comercio_atacadista_pequeno","servico_transporte_armazenagem_correio","servico_alojamento_alimentacao","servico_financeiro_seguro","agricultura_pecuaria","producao_florestal","pesca_aquicultura","industria_extrativista","industria_transformacao","infraestrutura_energia","infraestrutura_agua","infraestrutura_residuos_liquidos","infraestrutura_residuos_solidos","infraestrutura_gestao_residuos"] | L25: ["residencial_multifamiliar"]
A26: SA-01 | B26: 60 | C26: 4 | D26: 45 | E26: 20 | F26: 5 | G26: 1.5 | H26: 1.5 | I26: 120 | J26: [] | K26: [] | L26: []

Sheet Planilha1
A1: macrozona | B1: setor

Sheet Planilha13
A1: subtipo | C1: subtipo
A2: Unifamiliar | C2: Unifamiliar
A3: Multifamiliar | C3: Multifamiliar
A4: Varejista | C4: Varejista
A5: Atacadista | C5: Atacadista
A6: Atividades de Transporte, Armazenagem e Correio (3) (4) | C6: Atividades de Transporte, Armazenagem e Correio (3) (4)
A7: Atividades de Alojamento e Alimentação | C7: Atividades de Alojamento e Alimentação
A8: Atividades de Informação e Comunicação | C8: Atividades de Informação e Comunicação
A9: Atividades Financeiras, de Seguros e Serviços Relacionados | C9: Atividades Financeiras, de Seguros e Serviços Relacionados
A10: Atividades Imobiliárias | C10: Atividades Imobiliárias
A11: Atividades Profissionais Científicas e Técnicas. | C11: Atividades Profissionais Científicas e Técnicas.
A12: Atividades Administrativas(inclusive segurança e educação) e Serviços Complementares | C12: Atividades Administrativas (inclusive segurança e educação) e Serviços Complementares
... A47: Manutenção, Reparação e Instalação de Máquinas e Equipamentos. | C47: Manutenção, Reparação e Instalação de Máquinas e Equipamentos.

Sheet Planilha6
A2: AUAP | B2: SA-01 | C2: SA-02 | D2: SA-03 | E2: SA-04 | F2: SA-05 | G2: SAR | H2: SE-01 | I2: SE-02 | J2: SE-03 | K2: SE-04 | L2: SE-05 | M2: SE-06 | N2: SE-07 | O2: SE-08 | P2: SE-09 | Q2: FV | R2: FR
A3: AUAS | B3: SA-01 | C3: SA-02 | D3: SA-03 | E3: SA-04 | F3: SA-05 | G3: SAR | H3: SE-01 | I3: SE-02 | J3: SE-03 | K3: SE-04 | L3: SE-05 | M3: SE-06 | N3: SE-07 | O3: SE-08 | P3: SE-09 | Q3: FV | R3: FR
A4: AUAC | B4: SA-01 | C4: SA-02 | D4: SA-03 | E4: SA-04 | F4: SA-05 | G4: SAR | H4: SE-01 | I4: SE-02 | J4: SE-03 | K4: SE-04 | L4: SE-05 | M4: SE-06 | N4: SE-07 | O4: SE-08 | P4: SE-09 | Q4: FV | R4: FR
A5: AUAE | B5: SA-01 | C5: SA-02 | D5: SA-03 | E5: SA-04 | F5: SA-05 | G5: SAR | H5: SE-01 | I5: SE-02 | J5: SE-03 | K5: SE-04 | L5: SE-05 | M5: SE-06 | N5: SE-07 | O5: SE-08 | P5: SE-09 | Q5: FV | R5: FR
A6: AUPA | B6: SA-01 | C6: SA-02 | D6: SA-03 | E6: SA-04 | F6: SA-05 | G6: SAR | H6: SE-01 | I6: SE-02 | J6: SE-03 | K6: SE-04 | L6: SE-05 | M6: SE-06 | N6: SE-07 | O6: SE-08 | P6: SE-09 | Q6: FV | R6: FR
A7: ARPA | B7: SA-01 | C7: SA-02 | D7: SA-03 | E7: SA-04 | F7: SA-05 | G7: SAR | H7: SE-01 | I7: SE-02 | J7: SE-03 | K7: SE-04 | L7: SE-05 | M7: SE-06 | N7: SE-07 | O7: SE-08 | P7: SE-09 | Q7: FV | R7: FR
A8: ARUC | B8: SA-01 | C8: SA-02 | D8: SA-03 | E8: SA-04 | F8: SA-05 | G8: SAR | H8: SE-01 | I8: SE-02 | J8: SE-03 | K8: SE-04 | L8: SE-05 | M8: SE-06 | N8: SE-07 | O8: SE-08 | P8: SE-09 | Q8: FV | R8: FR
A11: AUAP | B11: SA-01 | H11: SE-03 | J11: SE-08
A12: AUAS | B12: SA-01 | H12: SE-03 | J12: SE-08
A13: AUAC | B13: SA-01 | H13: SE-03 | J13: SE-08
A14: AUAE | B14: SA-01 | H14: SE-03 | J14: SE-08
A15: AUPA | B15: SA-01 | H15: SE-03 | J15: SE-08
A16: ARPA | B16: SA-01 | H16: SE-03 | J16: SE-08
A17: ARUC | B17: SA-01 | H17: SE-03 | J17: SE-08
A18: AUAP | B18: SA-02 | H18: SE-04 | J18: SE-09
A19: AUAS | B19: SA-02 | H19: SE-04 | J19: SE-09
A20: AUAC | B20: SA-02 | H20: SE-04 | J20: SE-09
A21: AUAE | B21: SA-02 | H21: SE-04 | J21: SE-09
A22: AUPA | B22: SA-02 | H22: SE-04 | J22: SE-09
... A38: ARUC | B38: SA-04 | H38: SE-06 | J38: FR
A39: AUAP | B39: SA-05 | H39: SE-07
A40: AUAS | B40: SA-05 | H40: SE-07
A41: AUAC | B41: SA-05 | H41: SE-07
A42: AUAE | B42: SA-05 | H42: SE-07
A43: AUPA | B43: SA-05 | H43: SE-07
A44: ARPA | B44: SA-05 | H44: SE-07
A45: ARUC | B45: SA-05 | H45: SE-07
A46: AUAP | B46: SAR | H46: SE-08
A47: AUAS | B47: SAR | H47: SE-08
A48: AUAC | B48: SAR | H48: SE-08
A49: AUAE | B49: SAR | H49: SE-08
A50: AUPA | B50: SAR | H50: SE-08
... A73: ARUC | B73: SE-03 | H73: FR
A74: AUAP | B74: SE-04
A75: AUAS | B75: SE-04
A76: AUAC | B76: SE-04
A77: AUAE | B77: SE-04
A78: AUPA | B78: SE-04
A79: ARPA | B79: SE-04
A80: ARUC | B80: SE-04
A81: AUAP | B81: SE-05
A82: AUAS | B82: SE-05
A83: AUAC | B83: SE-05
A84: AUAE | B84: SE-05
A85: AUPA | B85: SE-05
... A129: ARUC | B129: FR

Sheet MACROZONAS
A1: macrozona_id | B1: macrozona | C1: tipo | D1: codigo | E1: descricao | F1: observacoes | G1: obs_tabela
A2: 1 | B2: AUAP | C2: Macrozona Urbana | D2: 1 | E2: Área Urbana de Adensamento Prioritário | F2: 1 | G2: parametros
A3: 2 | B3: AUAS | C3: Macrozona Urbana | D3: 2 | E3: Área Urbana de Adensamento Secundário | G3: parametros
A4: 3 | B4: AUAC | C4: Macrozona Urbana | D4: 3 | E4: Área Urbana de Adensamento Controlado | G4: parametros
A5: 4 | B5: AUAE | C5: Macrozona Urbana | D5: 4 | E5: Área Urbana de Adensamento Especial | G5: parametros
A6: 5 | B6: AUPA | C6: Macrozona Urbana | D6: 5 | E6: Área Urbana de Proteção Ambiental | F6: 9 | G6: parametros
A7: 6 | B7: ARPA | C7: Macrozona Rural | D7: 6 | E7: Área Rural de Proteção Natural | F7: 19 | G7: parametros
A8: 7 | B8: ARUC | C8: Macrozona Rural | D8: 7 | E8: Área Rural de Utilização Controlada | F8: 19 | G8: parametros

Sheet SETORES
A1: setor_id | B1: setor | C1: descricao | D1: obs_tabela
A2: 1 | B2: SA-01 | C2: Setor de Adensamento Prioritário 01 | D2: parametros
A3: 2 | B3: SA-02 | C3: Setor de Adensamento Prioritário 02 | D3: parametros
A4: 3 | B4: SA-03 | C4: Demais setores de Adensamento 03 | D4: parametros
A5: 4 | B5: SA-04 | C5: Demais setores de Adensamento 04 | D5: parametros
A6: 5 | B6: SA-05 | C6: Demais setores de Adensamento 05 | D6: parametros
A7: 6 | B7: SAR | C7: Setor de Adensamento Rural | D7: parametros
A8: 7 | B8: SE-01 | C8: Setor Especial 01 | D8: parametros
A9: 8 | B9: SE-02 | C9: Setor Especial 02 | D9: parametros
A10: 9 | B10: SE-03 | C10: Setor Especial 03 | D10: parametros
A11: 10 | B11: SE-04 | C11: Setor Especial 04 | D11: parametros
A12: 11 | B12: SE-05 | C12: Setor Especial 05 | D12: parametros
A13: 12 | B13: SE-06 | C13: Setor Especial 06 | D13: parametros
... A18: 17 | B18: FR | C18: Faixa Rodoviária | D18: parametros

Sheet CAL
A1: macrozona | B1: setor | C1: cal | D1: obs_setor | E1: obs_coef | F1: obs_geral | G1: obs_tabela | H1: cal_id | I1: cal_macrozona_id | J1: cal_setor_id
A2: AUAP | B2: SA-01 | C2: 4 | E2: 1 | G2: parametros | H2: 1 | I2: {=XLOOKUP(CAL!$A2,MACROZONAS!B:B,MACROZONAS!A:A)} -> 1 | J2: {=XLOOKUP(CAL!$B2,SETORES!B:B,SETORES!A:A)} -> 1
A3: AUAP | B3: SA-02 | C3: 3 | E3: 1 | G3: parametros | H3: 2 | I3: {=XLOOKUP(CAL!$A3,MACROZONAS!B:B,MACROZONAS!A:A)} -> 1 | J3: {=XLOOKUP(CAL!$B3,SETORES!B:B,SETORES!A:A)} -> 2
A4: AUAP | B4: SE-01 | C4: 4 | E4: 3 | G4: parametros | H4: 3 | I4: {=XLOOKUP(CAL!$A4,MACROZONAS!B:B,MACROZONAS!A:A)} -> 1 | J4: {=XLOOKUP(CAL!$B4,SETORES!B:B,SETORES!A:A)} -> 7
A5: AUAP | B5: SE-02 | C5: 2 | E5: 1 | G5: parametros | H5: 4 | I5: {=XLOOKUP(CAL!$A5,MACROZONAS!B:B,MACROZONAS!A:A)} -> 1 | J5: {=XLOOKUP(CAL!$B5,SETORES!B:B,SETORES!A:A)} -> 8
A6: AUAP | B6: SE-04 | C6: 0.1 | D6: 10 | G6: parametros | H6: 5 | I6: {=XLOOKUP(CAL!$A6,MACROZONAS!B:B,MACROZONAS!A:A)} -> 1 | J6: {=XLOOKUP(CAL!$B6,SETORES!B:B,SETORES!A:A)} -> 10
A7: AUAP | B7: SE-05 | C7: 0.1 | D7: 10 | G7: parametros | H7: 6 | I7: {=XLOOKUP(CAL!$A7,MACROZONAS!B:B,MACROZONAS!A:A)} -> 1 | J7: {=XLOOKUP(CAL!$B7,SETORES!B:B,SETORES!A:A)} -> 11
A8: AUAP | B8: SE-08 | C8: 4 | D8: 1 | E8: 1 | G8: parametros | H8: 7 | I8: {=XLOOKUP(CAL!$A8,MACROZONAS!B:B,MACROZONAS!A:A)} -> 1 | J8: {=XLOOKUP(CAL!$B8,SETORES!B:B,SETORES!A:A)} -> 14
A9: AUAP | B9: FV | C9: 4 | E9: 1 | G9: parametros | H9: 8 | I9: {=XLOOKUP(CAL!$A9,MACROZONAS!B:B,MACROZONAS!A:A)} -> 1 | J9: {=XLOOKUP(CAL!$B9,SETORES!B:B,SETORES!A:A)} -> 16
A10: AUAP | B10: FR | C10: 2 | G10: parametros | H10: 9 | I10: {=XLOOKUP(CAL!$A10,MACROZONAS!B:B,MACROZONAS!A:A)} -> 1 | J10: {=XLOOKUP(CAL!$B10,SETORES!B:B,SETORES!A:A)} -> 17
A11: AUAS | B11: SA-03 | C11: 2 | G11: parametros | H11: 10 | I11: {=XLOOKUP(CAL!$A11,MACROZONAS!B:B,MACROZONAS!A:A)} -> 2 | J11: {=XLOOKUP(CAL!$B11,SETORES!B:B,SETORES!A:A)} -> 3
A12: AUAS | B12: SA-04 | C12: 2 | G12: parametros | H12: 11 | I12: {=XLOOKUP(CAL!$A12,MACROZONAS!B:B,MACROZONAS!A:A)} -> 2 | J12: {=XLOOKUP(CAL!$B12,SETORES!B:B,SETORES!A:A)} -> 4
A13: AUAS | B13: SA-05 | C13: 2 | G13: parametros | H13: 12 | I13: {=XLOOKUP(CAL!$A13,MACROZONAS!B:B,MACROZONAS!A:A)} -> 2 | J13: {=XLOOKUP(CAL!$B13,SETORES!B:B,SETORES!A:A)} -> 5
A14: AUAS | B14: SAR | C14: 2 | G14: parametros | H14: 13 | I14: {=XLOOKUP(CAL!$A14,MACROZONAS!B:B,MACROZONAS!A:A)} -> 2 | J14: {=XLOOKUP(CAL!$B14,SETORES!B:B,SETORES!A:A)} -> 6
A15: AUAS | B15: SE-03 | C15: 1 | G15: parametros | H15: 14 | I15: {=XLOOKUP(CAL!$A15,MACROZONAS!B:B,MACROZONAS!A:A)} -> 2 | J15: {=XLOOKUP(CAL!$B15,SETORES!B:B,SETORES!A:A)} -> 9
A16: AUAS | B16: SE-04 | C16: 0.1 | D16: 10 | G16: parametros | H16: 15 | I16: {=XLOOKUP(CAL!$A16,MACROZONAS!B:B,MACROZONAS!A:A)} -> 2 | J16: {=XLOOKUP(CAL!$B16,SETORES!B:B,SETORES!A:A)} -> 10
A17: AUAS | B17: SE-05 | C17: 0.1 | D17: 10 | G17: parametros | H17: 16 | I17: {=XLOOKUP(CAL!$A17,MACROZONAS!B:B,MACROZONAS!A:A)} -> 2 | J17: {=XLOOKUP(CAL!$B17,SETORES!B:B,SETORES!A:A)} -> 11
A18: AUAS | B18: SE-08 | C18: 2 | D18: 1 | G18: parametros | H18: 17 | I18: {=XLOOKUP(CAL!$A18,MACROZONAS!B:B,MACROZONAS!A:A)} -> 2 | J18: {=XLOOKUP(CAL!$B18,SETORES!B:B,SETORES!A:A)} -> 14
A19: AUAS | B19: SE-09 | C19: 2 | G19: parametros | H19: 18 | I19: {=XLOOKUP(CAL!$A19,MACROZONAS!B:B,MACROZONAS!A:A)} -> 2 | J19: {=XLOOKUP(CAL!$B19,SETORES!B:B,SETORES!A:A)} -> 15
A20: AUAS | B20: FV | C20: 2 | E20: 1 | G20: parametros | H20: 19 | I20: {=XLOOKUP(CAL!$A20,MACROZONAS!B:B,MACROZONAS!A:A)} -> 2 | J20: {=XLOOKUP(CAL!$B20,SETORES!B:B,SETORES!A:A)} -> 16
A21: AUAS | B21: FR | C21: 1 | G21: parametros | H21: 20 | I21: {=XLOOKUP(CAL!$A21,MACROZONAS!B:B,MACROZONAS!A:A)} -> 2 | J21: {=XLOOKUP(CAL!$B21,SETORES!B:B,SETORES!A:A)} -> 17
A22: AUAC | B22: SA-03 | C22: 1.5 | G22: parametros | H22: 21 | I22: {=XLOOKUP(CAL!$A22,MACROZONAS!B:B,MACROZONAS!A:A)} -> 3 | J22: {=XLOOKUP(CAL!$B22,SETORES!B:B,SETORES!A:A)} -> 3
A23: AUAC | B23: SA-04 | C23: 1.5 | G23: parametros | H23: 22 | I23: {=XLOOKUP(CAL!$A23,MACROZONAS!B:B,MACROZONAS!A:A)} -> 3 | J23: {=XLOOKUP(CAL!$B23,SETORES!B:B,SETORES!A:A)} -> 4
A24: AUAC | B24: SA-05 | C24: 1.5 | G24: parametros | H24: 23 | I24: {=XLOOKUP(CAL!$A24,MACROZONAS!B:B,MACROZONAS!A:A)} -> 3 | J24: {=XLOOKUP(CAL!$B24,SETORES!B:B,SETORES!A:A)} -> 5
A25: AUAC | B25: SAR | C25: 1.5 | G25: parametros | H25: 24 | I25: {=XLOOKUP(CAL!$A25,MACROZONAS!B:B,MACROZONAS!A:A)} -> 3 | J25: {=XLOOKUP(CAL!$B25,SETORES!B:B,SETORES!A:A)} -> 6
A26: AUAC | B26: SE-04 | C26: 0.1 | D26: 10 | G26: parametros | H26: 25 | I26: {=XLOOKUP(CAL!$A26,MACROZONAS!B:B,MACROZONAS!A:A)} -> 3 | J26: {=XLOOKUP(CAL!$B26,SETORES!B:B,SETORES!A:A)} -> 10
A27: AUAC | B27: SE-05 | C27: 0.1 | D27: 10 | G27: parametros | H27: 26 | I27: {=XLOOKUP(CAL!$A27,MACROZONAS!B:B,MACROZONAS!A:A)} -> 3 | J27: {=XLOOKUP(CAL!$B27,SETORES!B:B,SETORES!A:A)} -> 11
A28: AUAC | B28: SE-06 | C28: 1 | G28: parametros | H28: 27 | I28: {=XLOOKUP(CAL!$A28,MACROZONAS!B:B,MACROZONAS!A:A)} -> 3 | J28: {=XLOOKUP(CAL!$B28,SETORES!B:B,SETORES!A:A)} -> 12
A29: AUAC | B29: SE-08 | C29: 1 | D29: 1 | G29: parametros | H29: 28 | I29: {=XLOOKUP(CAL!$A29,MACROZONAS!B:B,MACROZONAS!A:A)} -> 3 | J29: {=XLOOKUP(CAL!$B29,SETORES!B:B,SETORES!A:A)} -> 14
A30: AUAC | B30: FV | C30: 1.5 | E30: 1 | G30: parametros | H30: 29 | I30: {=XLOOKUP(CAL!$A30,MACROZONAS!B:B,MACROZONAS!A:A)} -> 3 | J30: {=XLOOKUP(CAL!$B30,SETORES!B:B,SETORES!A:A)} -> 16
A31: AUAC | B31: FR | C31: 1 | G31: parametros | H31: 30 | I31: {=XLOOKUP(CAL!$A31,MACROZONAS!B:B,MACROZONAS!A:A)} -> 3 | J31: {=XLOOKUP(CAL!$B31,SETORES!B:B,SETORES!A:A)} -> 17
A32: AUAE | B32: SA-03 | C32: 1 | G32: parametros | H32: 31 | I32: {=XLOOKUP(CAL!$A32,MACROZONAS!B:B,MACROZONAS!A:A)} -> 4 | J32: {=XLOOKUP(CAL!$B32,SETORES!B:B,SETORES!A:A)} -> 3
A33: AUAE | B33: SA-04 | C33: 1 | G33: parametros | H33: 32 | I33: {=XLOOKUP(CAL!$A33,MACROZONAS!B:B,MACROZONAS!A:A)} -> 4 | J33: {=XLOOKUP(CAL!$B33,SETORES!B:B,SETORES!A:A)} -> 4
A34: AUAE | B34: SA-05 | C34: 1 | G34: parametros | H34: 33 | I34: {=XLOOKUP(CAL!$A34,MACROZONAS!B:B,MACROZONAS!A:A)} -> 4 | J34: {=XLOOKUP(CAL!$B34,SETORES!B:B,SETORES!A:A)} -> 5
A35: AUAE | B35: SAR | C35: 1 | G35: parametros | H35: 34 | I35: {=XLOOKUP(CAL!$A35,MACROZONAS!B:B,MACROZONAS!A:A)} -> 4 | J35: {=XLOOKUP(CAL!$B35,SETORES!B:B,SETORES!A:A)} -> 6
A36: AUAE | B36: SE-04 | C36: 0.1 | D36: 10 | G36: parametros | H36: 35 | I36: {=XLOOKUP(CAL!$A36,MACROZONAS!B:B,MACROZONAS!A:A)} -> 4 | J36: {=XLOOKUP(CAL!$B36,SETORES!B:B,SETORES!A:A)} -> 10
A37: AUAE | B37: SE-05 | C37: 0.1 | D37: 10 | G37: parametros | H37: 36 | I37: {=XLOOKUP(CAL!$A37,MACROZONAS!B:B,MACROZONAS!A:A)} -> 4 | J37: {=XLOOKUP(CAL!$B37,SETORES!B:B,SETORES!A:A)} -> 11
A38: AUAE | B38: FV | C38: 4 | E38: 1 | G38: parametros | H38: 37 | I38: {=XLOOKUP(CAL!$A38,MACROZONAS!B:B,MACROZONAS!A:A)} -> 4 | J38: {=XLOOKUP(CAL!$B38,SETORES!B:B,SETORES!A:A)} -> 16
A39: AUPA | B39: SA-03 | C39: 0.1 | G39: parametros | H39: 38 | I39: {=XLOOKUP(CAL!$A39,MACROZONAS!B:B,MACROZONAS!A:A)} -> 5 | J39: {=XLOOKUP(CAL!$B39,SETORES!B:B,SETORES!A:A)} -> 3
A40: AUPA | B40: SA-04 | C40: 0.1 | G40: parametros | H40: 39 | I40: {=XLOOKUP(CAL!$A40,MACROZONAS!B:B,MACROZONAS!A:A)} -> 5 | J40: {=XLOOKUP(CAL!$B40,SETORES!B:B,SETORES!A:A)} -> 4
A41: AUPA | B41: SA-05 | C41: 0.1 | G41: parametros | H41: 40 | I41: {=XLOOKUP(CAL!$A41,MACROZONAS!B:B,MACROZONAS!A:A)} -> 5 | J41: {=XLOOKUP(CAL!$B41,SETORES!B:B,SETORES!A:A)} -> 5
A42: AUPA | B42: SAR | C42: 0.1 | G42: parametros | H42: 41 | I42: {=XLOOKUP(CAL!$A42,MACROZONAS!B:B,MACROZONAS!A:A)} -> 5 | J42: {=XLOOKUP(CAL!$B42,SETORES!B:B,SETORES!A:A)} -> 6
A43: AUPA | B43: SE-04 | C43: 0.1 | D43: 10 | G43: parametros | H43: 42 | I43: {=XLOOKUP(CAL!$A43,MACROZONAS!B:B,MACROZONAS!A:A)} -> 5 | J43: {=XLOOKUP(CAL!$B43,SETORES!B:B,SETORES!A:A)} -> 10
A44: AUPA | B44: SE-05 | C44: 0.1 | D44: 10 | G44: parametros | H44: 43 | I44: {=XLOOKUP(CAL!$A44,MACROZONAS!B:B,MACROZONAS!A:A)} -> 5 | J44: {=XLOOKUP(CAL!$B44,SETORES!B:B,SETORES!A:A)} -> 11
A45: AUPA | B45: FV | C45: 0.1 | G45: parametros | H45: 44 | I45: {=XLOOKUP(CAL!$A45,MACROZONAS!B:B,MACROZONAS!A:A)} -> 5 | J45: {=XLOOKUP(CAL!$B45,SETORES!B:B,SETORES!A:A)} -> 16
A46: AUPA | B46: FR | C46: 0.1 | G46: parametros | H46: 45 | I46: {=XLOOKUP(CAL!$A46,MACROZONAS!B:B,MACROZONAS!A:A)} -> 5 | J46: {=XLOOKUP(CAL!$B46,SETORES!B:B,SETORES!A:A)} -> 17
A47: ARPA | B47: SA-03 | C47: 0.1 | G47: parametros | H47: 46 | I47: {=XLOOKUP(CAL!$A47,MACROZONAS!B:B,MACROZONAS!A:A)} -> 6 | J47: {=XLOOKUP(CAL!$B47,SETORES!B:B,SETORES!A:A)} -> 3
A48: ARPA | B48: SA-04 | C48: 0.1 | G48: parametros | H48: 47 | I48: {=XLOOKUP(CAL!$A48,MACROZONAS!B:B,MACROZONAS!A:A)} -> 6 | J48: {=XLOOKUP(CAL!$B48,SETORES!B:B,SETORES!A:A)} -> 4
A49: ARPA | B49: SA-05 | C49: 0.1 | G49: parametros | H49: 48 | I49: {=XLOOKUP(CAL!$A49,MACROZONAS!B:B,MACROZONAS!A:A)} -> 6 | J49: {=XLOOKUP(CAL!$B49,SETORES!B:B,SETORES!A:A)} -> 5
A50: ARPA | B50: SAR | C50: 0.1 | G50: parametros | H50: 49 | I50: {=XLOOKUP(CAL!$A50,MACROZONAS!B:B,MACROZONAS!A:A)} -> 6 | J50: {=XLOOKUP(CAL!$B50,SETORES!B:B,SETORES!A:A)} -> 6
A51: ARUC | B51: SA-03 | C51: 0.1 | G51: parametros | H51: 50 | I51: {=XLOOKUP(CAL!$A51,MACROZONAS!B:B,MACROZONAS!A:A)} -> 7 | J51: {=XLOOKUP(CAL!$B51,SETORES!B:B,SETORES!A:A)} -> 3
A52: ARUC | B52: SA-04 | C52: 0.1 | G52: parametros | H52: 51 | I52: {=XLOOKUP(CAL!$A52,MACROZONAS!B:B,MACROZONAS!A:A)} -> 7 | J52: {=XLOOKUP(CAL!$B52,SETORES!B:B,SETORES!A:A)} -> 4
A53: ARUC | B53: SA-05 | C53: 0.1 | G53: parametros | H53: 52 | I53: {=XLOOKUP(CAL!$A53,MACROZONAS!B:B,MACROZONAS!A:A)} -> 7 | J53: {=XLOOKUP(CAL!$B53,SETORES!B:B,SETORES!A:A)} -> 5
A54: ARUC | B54: SAR | C54: 0.1 | G54: parametros | H54: 53 | I54: {=XLOOKUP(CAL!$A54,MACROZONAS!B:B,MACROZONAS!A:A)} -> 7 | J54: {=XLOOKUP(CAL!$B54,SETORES!B:B,SETORES!A:A)} -> 6

Sheet GABARITO
A1: macrozona | B1: setor | C1: gabarito | D1: obs_setor | E1: obs_coef | F1: obs_geral | G1: obs_tabela | H1: gab_id | I1: gab_macrozona_id | J1: gab_setor_id
A2: AUAP | B2: SA-01 | C2: 45 | D2: 17 | F2: 14 | G2: parametros | H2: 1 | I2: {=XLOOKUP(GABARITO!$A2,MACROZONAS!B:B,MACROZONAS!A:A)} -> 1 | J2: {=XLOOKUP(GABARITO!$B2,SETORES!B:B,SETORES!A:A)} -> 1
A3: AUAP | B3: SA-02 | C3: 24 | D3: 17 | F3: 14 | G3: parametros | H3: 2 | I3: {=XLOOKUP(GABARITO!$A3,MACROZONAS!B:B,MACROZONAS!A:A)} -> 1 | J3: {=XLOOKUP(GABARITO!$B3,SETORES!B:B,SETORES!A:A)} -> 2
A4: AUAS | B4: SA-03 | C4: 15 | F4: 14 | G4: parametros | H4: 3 | I4: {=XLOOKUP(GABARITO!$A4,MACROZONAS!B:B,MACROZONAS!A:A)} -> 2 | J4: {=XLOOKUP(GABARITO!$B4,SETORES!B:B,SETORES!A:A)} -> 3
A5: AUAS | B5: SA-04 | C5: 15 | F5: 14 | G5: parametros | H5: 4 | I5: {=XLOOKUP(GABARITO!$A5,MACROZONAS!B:B,MACROZONAS!A:A)} -> 2 | J5: {=XLOOKUP(GABARITO!$B5,SETORES!B:B,SETORES!A:A)} -> 4
A6: AUAS | B6: SA-05 | C6: 15 | F6: 14 | G6: parametros | H6: 5 | I6: {=XLOOKUP(GABARITO!$A6,MACROZONAS!B:B,MACROZONAS!A:A)} -> 2 | J6: {=XLOOKUP(GABARITO!$B6,SETORES!B:B,SETORES!A:A)} -> 5
A7: AUAS | B7: SAR | C7: 15 | F7: 14 | G7: parametros | H7: 6 | I7: {=XLOOKUP(GABARITO!$A7,MACROZONAS!B:B,MACROZONAS!A:A)} -> 2 | J7: {=XLOOKUP(GABARITO!$B7,SETORES!B:B,SETORES!A:A)} -> 6
A8: AUAC | B8: SA-03 | C8: 9 | F8: 14 | G8: parametros | H8: 7 | I8: {=XLOOKUP(GABARITO!$A8,MACROZONAS!B:B,MACROZONAS!A:A)} -> 3 | J8: {=XLOOKUP(GABARITO!$B8,SETORES!B:B,SETORES!A:A)} -> 3
A9: AUAC | B9: SA-04 | C9: 9 | F9: 14 | G9: parametros | H9: 8 | I9: {=XLOOKUP(GABARITO!$A9,MACROZONAS!B:B,MACROZONAS!A:A)} -> 3 | J9: {=XLOOKUP(GABARITO!$B9,SETORES!B:B,SETORES!A:A)} -> 4
A10: AUAC | B10: SA-05 | C10: 9 | F10: 14 | G10: parametros | H10: 9 | I10: {=XLOOKUP(GABARITO!$A10,MACROZONAS!B:B,MACROZONAS!A:A)} -> 3 | J10: {=XLOOKUP(GABARITO!$B10,SETORES!B:B,SETORES!A:A)} -> 5
A11: AUAC | B11: SAR | C11: 9 | F11: 14 | G11: parametros | H11: 10 | I11: {=XLOOKUP(GABARITO!$A11,MACROZONAS!B:B,MACROZONAS!A:A)} -> 3 | J11: {=XLOOKUP(GABARITO!$B11,SETORES!B:B,SETORES!A:A)} -> 6
A12: AUAE | B12: SA-03 | C12: 9 | F12: 14 | G12: parametros | H12: 11 | I12: {=XLOOKUP(GABARITO!$A12,MACROZONAS!B:B,MACROZONAS!A:A)} -> 4 | J12: {=XLOOKUP(GABARITO!$B12,SETORES!B:B,SETORES!A:A)} -> 3
A13: AUAE | B13: SA-04 | C13: 9 | F13: 14 | G13: parametros | H13: 12 | I13: {=XLOOKUP(GABARITO!$A13,MACROZONAS!B:B,MACROZONAS!A:A)} -> 4 | J13: {=XLOOKUP(GABARITO!$B13,SETORES!B:B,SETORES!A:A)} -> 4
A14: AUAE | B14: SA-05 | C14: 9 | F14: 14 | G14: parametros | H14: 13 | I14: {=XLOOKUP(GABARITO!$A14,MACROZONAS!B:B,MACROZONAS!A:A)} -> 4 | J14: {=XLOOKUP(GABARITO!$B14,SETORES!B:B,SETORES!A:A)} -> 5
A15: AUAE | B15: SAR | C15: 9 | F15: 14 | G15: parametros | H15: 14 | I15: {=XLOOKUP(GABARITO!$A15,MACROZONAS!B:B,MACROZONAS!A:A)} -> 4 | J15: {=XLOOKUP(GABARITO!$B15,SETORES!B:B,SETORES!A:A)} -> 6
... A27: ARUC | B27: SAR | C27: 9 | F27: 14 | G27: parametros | H27: 26 | I27: {=XLOOKUP(GABARITO!$A27,MACROZONAS!B:B,MACROZONAS!A:A)} -> 7 | J27: {=XLOOKUP(GABARITO!$B27,SETORES!B:B,SETORES!A:A)} -> 6
A28: AUAP | B28: SE-01 | C28: 30 | D28: 17 | E28: 3 | F28: 14 | G28: parametros | H28: 27 | I28: {=XLOOKUP(GABARITO!$A28,MACROZONAS!B:B,MACROZONAS!A:A)} -> 1 | J28: {=XLOOKUP(GABARITO!$B28,SETORES!B:B,SETORES!A:A)} -> 7
A29: AUAP | B29: SA-02 | C29: 15 | D29: 17 | F29: 14 | G29: parametros | H29: 28 | I29: {=XLOOKUP(GABARITO!$A29,MACROZONAS!B:B,MACROZONAS!A:A)} -> 1 | J29: {=XLOOKUP(GABARITO!$B29,SETORES!B:B,SETORES!A:A)} -> 2
A30: AUAS | B30: SE-03 | C30: 30 | F30: 14 | G30: parametros | H30: 29 | I30: {=XLOOKUP(GABARITO!$A30,MACROZONAS!B:B,MACROZONAS!A:A)} -> 2 | J30: {=XLOOKUP(GABARITO!$B30,SETORES!B:B,SETORES!A:A)} -> 9
A31: AUAP | B31: SE-04 | C31: 9 | D31: 10 | F31: 14 | G31: parametros | H31: 30 | I31: {=XLOOKUP(GABARITO!$A31,MACROZONAS!B:B,MACROZONAS!A:A)} -> 1 | J31: {=XLOOKUP(GABARITO!$B31,SETORES!B:B,SETORES!A:A)} -> 10
A32: AUAS | B32: SE-04 | C32: 9 | D32: 10 | F32: 14 | G32: parametros | H32: 31 | I32: {=XLOOKUP(GABARITO!$A32,MACROZONAS!B:B,MACROZONAS!A:A)} -> 2 | J32: {=XLOOKUP(GABARITO!$B32,SETORES!B:B,SETORES!A:A)} -> 10
A33: AUAC | B33: SE-04 | C33: 9 | D33: 10 | F33: 14 | G33: parametros | H33: 32 | I33: {=XLOOKUP(GABARITO!$A33,MACROZONAS!B:B,MACROZONAS!A:A)} -> 3 | J33: {=XLOOKUP(GABARITO!$B33,SETORES!B:B,SETORES!A:A)} -> 10
A34: AUAE | B34: SE-04 | C34: 9 | D34: 10 | F34: 14 | G34: parametros | H34: 33 | I34: {=XLOOKUP(GABARITO!$A34,MACROZONAS!B:B,MACROZONAS!A:A)} -> 4 | J34: {=XLOOKUP(GABARITO!$B34,SETORES!B:B,SETORES!A:A)} -> 10
A35: AUPA | B35: SE-04 | C35: 9 | D35: 10 | F35: 14 | G35: parametros | H35: 34 | I35: {=XLOOKUP(GABARITO!$A35,MACROZONAS!B:B,MACROZONAS!A:A)} -> 5 | J35: {=XLOOKUP(GABARITO!$B35,SETORES!B:B,SETORES!A:A)} -> 10
A36: AUAP | B36: SE-05 | C36: 9 | D36: 10 | F36: 14 | G36: parametros | H36: 35 | I36: {=XLOOKUP(GABARITO!$A36,MACROZONAS!B:B,MACROZONAS!A:A)} -> 1 | J36: {=XLOOKUP(GABARITO!$B36,SETORES!B:B,SETORES!A:A)} -> 11
A37: AUAS | B37: SE-05 | C37: 9 | D37: 10 | F37: 14 | G37: parametros | H37: 36 | I37: {=XLOOKUP(GABARITO!$A37,MACROZONAS!B:B,MACROZONAS!A:A)} -> 2 | J37: {=XLOOKUP(GABARITO!$B37,SETORES!B:B,SETORES!A:A)} -> 11
A38: AUAC | B38: SE-05 | C38: 9 | D38: 10 | F38: 14 | G38: parametros | H38: 37 | I38: {=XLOOKUP(GABARITO!$A38,MACROZONAS!B:B,MACROZONAS!A:A)} -> 3 | J38: {=XLOOKUP(GABARITO!$B38,SETORES!B:B,SETORES!A:A)} -> 11
A39: AUAE | B39: SE-05 | C39: 9 | D39: 10 | F39: 14 | G39: parametros | H39: 38 | I39: {=XLOOKUP(GABARITO!$A39,MACROZONAS!B:B,MACROZONAS!A:A)} -> 4 | J39: {=XLOOKUP(GABARITO!$B39,SETORES!B:B,SETORES!A:A)} -> 11
A40: AUPA | B40: SE-05 | C40: 9 | D40: 10 | F40: 14 | G40: parametros | H40: 39 | I40: {=XLOOKUP(GABARITO!$A40,MACROZONAS!B:B,MACROZONAS!A:A)} -> 5 | J40: {=XLOOKUP(GABARITO!$B40,SETORES!B:B,SETORES!A:A)} -> 11
A41: AUAC | B41: SE-06 | C41: 15 | D41: 13 | F41: 14 | G41: parametros | H41: 40 | I41: {=XLOOKUP(GABARITO!$A41,MACROZONAS!B:B,MACROZONAS!A:A)} -> 3 | J41: {=XLOOKUP(GABARITO!$B41,SETORES!B:B,SETORES!A:A)} -> 12
A42: AUAP | B42: SE-08 | C42: 30 | D42: 17 | E42: 5 | F42: 14 | G42: parametros | H42: 41 | I42: {=XLOOKUP(GABARITO!$A42,MACROZONAS!B:B,MACROZONAS!A:A)} -> 1 | J42: {=XLOOKUP(GABARITO!$B42,SETORES!B:B,SETORES!A:A)} -> 14
A43: AUAS | B43: SE-08 | C43: 15 | D43: 17 | F43: 14 | G43: parametros | H43: 42 | I43: {=XLOOKUP(GABARITO!$A43,MACROZONAS!B:B,MACROZONAS!A:A)} -> 2 | J43: {=XLOOKUP(GABARITO!$B43,SETORES!B:B,SETORES!A:A)} -> 14
A44: AUAC | B44: SE-08 | C44: 9 | D44: 17 | F44: 14 | G44: parametros | H44: 43 | I44: {=XLOOKUP(GABARITO!$A44,MACROZONAS!B:B,MACROZONAS!A:A)} -> 3 | J44: {=XLOOKUP(GABARITO!$B44,SETORES!B:B,SETORES!A:A)} -> 14
A45: AUAP | B45: SE-08 | C45: 45 | D45: 17 | E45: 5 | F45: 14 | G45: parametros | H45: 44 | I45: {=XLOOKUP(GABARITO!$A45,MACROZONAS!B:B,MACROZONAS!A:A)} -> 1 | J45: {=XLOOKUP(GABARITO!$B45,SETORES!B:B,SETORES!A:A)} -> 14
A46: AUAS | B46: SE-09 | C46: 15 | D46: 14 | F46: 14 | G46: parametros | H46: 45 | I46: {=XLOOKUP(GABARITO!$A46,MACROZONAS!B:B,MACROZONAS!A:A)} -> 2 | J46: {=XLOOKUP(GABARITO!$B46,SETORES!B:B,SETORES!A:A)} -> 15
A47: AUAP | B47: FV | C47: 30 | D47: 17 | E47: 5 | F47: 14 | G47: parametros | H47: 46 | I47: {=XLOOKUP(GABARITO!$A47,MACROZONAS!B:B,MACROZONAS!A:A)} -> 1 | J47: {=XLOOKUP(GABARITO!$B47,SETORES!B:B,SETORES!A:A)} -> 16
A48: AUAS | B48: FV | C48: 20 | F48: 14 | G48: parametros | H48: 47 | I48: {=XLOOKUP(GABARITO!$A48,MACROZONAS!B:B,MACROZONAS!A:A)} -> 2 | J48: {=XLOOKUP(GABARITO!$B48,SETORES!B:B,SETORES!A:A)} -> 16
A49: AUAC | B49: FV | C49: 9 | F49: 14 | G49: parametros | H49: 48 | I49: {=XLOOKUP(GABARITO!$A49,MACROZONAS!B:B,MACROZONAS!A:A)} -> 3 | J49: {=XLOOKUP(GABARITO!$B49,SETORES!B:B,SETORES!A:A)} -> 16
A50: AUAE | B50: FV | C50: 30 | F50: 14 | G50: parametros | H50: 49 | I50: {=XLOOKUP(GABARITO!$A50,MACROZONAS!B:B,MACROZONAS!A:A)} -> 4 | J50: {=XLOOKUP(GABARITO!$B50,SETORES!B:B,SETORES!A:A)} -> 16
A51: AUAP | B51: FR | C51: 15 | F51: 14 | G51: parametros | H51: 50 | I51: {=XLOOKUP(GABARITO!$A51,MACROZONAS!B:B,MACROZONAS!A:A)} -> 1 | J51: {=XLOOKUP(GABARITO!$B51,SETORES!B:B,SETORES!A:A)} -> 17
A52: AUAS | B52: FR | C52: 15 | F52: 14 | G52: parametros | H52: 51 | I52: {=XLOOKUP(GABARITO!$A52,MACROZONAS!B:B,MACROZONAS!A:A)} -> 2 | J52: {=XLOOKUP(GABARITO!$B52,SETORES!B:B,SETORES!A:A)} -> 17
A53: AUAC | B53: FR | C53: 15 | F53: 14 | G53: parametros | H53: 52 | I53: {=XLOOKUP(GABARITO!$A53,MACROZONAS!B:B,MACROZONAS!A:A)} -> 3 | J53: {=XLOOKUP(GABARITO!$B53,SETORES!B:B,SETORES!A:A)} -> 17
A54: AUAP | B54: FV | C54: 45 | D54: 17 | E54: 5 | F54: 14 | G54: parametros | H54: 53 | I54: {=XLOOKUP(GABARITO!$A54,MACROZONAS!B:B,MACROZONAS!A:A)} -> 1 | J54: {=XLOOKUP(GABARITO!$B54,SETORES!B:B,SETORES!A:A)} -> 16

Sheet Q.A
A1: macrozona | B1: setor | C1: quota | D1: obs_setor | E1: obs_coef | F1: obs_geral | G1: obs_tabela | H1: quota_id | I1: quota_macrozona_id | J1: quota_setor_id
A2: AUAP | B2: SA-01 | C2: 60 | E2: 2 | G2: parametros | H2: 1 | I2: {=XLOOKUP(Q.A!$A2,MACROZONAS!B:B,MACROZONAS!A:A)} -> 1 | J2: {=XLOOKUP(Q.A!$B2,SETORES!B:B,SETORES!A:A)} -> 1
A3: AUAP | B3: SA-02 | C3: 60 | E3: 2 | G3: parametros | H3: 2 | I3: {=XLOOKUP(Q.A!$A3,MACROZONAS!B:B,MACROZONAS!A:A)} -> 1 | J3: {=XLOOKUP(Q.A!$B3,SETORES!B:B,SETORES!A:A)} -> 2
A4: AUAP | B4: SA-03 | C4: 60 | E4: 2 | G4: parametros | H4: 3 | I4: {=XLOOKUP(Q.A!$A4,MACROZONAS!B:B,MACROZONAS!A:A)} -> 1 | J4: {=XLOOKUP(Q.A!$B4,SETORES!B:B,SETORES!A:A)} -> 3
A5: AUAP | B5: SA-04 | C5: 60 | E5: 2 | G5: parametros | H5: 4 | I5: {=XLOOKUP(Q.A!$A5,MACROZONAS!B:B,MACROZONAS!A:A)} -> 1 | J5: {=XLOOKUP(Q.A!$B5,SETORES!B:B,SETORES!A:A)} -> 4
A6: AUAP | B6: SA-05 | C6: 60 | E6: 2 | G6: parametros | H6: 5 | I6: {=XLOOKUP(Q.A!$A6,MACROZONAS!B:B,MACROZONAS!A:A)} -> 1 | J6: {=XLOOKUP(Q.A!$B6,SETORES!B:B,SETORES!A:A)} -> 5
A7: AUAP | B7: SAR | C7: 60 | E7: 2 | G7: parametros | H7: 6 | I7: {=XLOOKUP(Q.A!$A7,MACROZONAS!B:B,MACROZONAS!A:A)} -> 1 | J7: {=XLOOKUP(Q.A!$B7,SETORES!B:B,SETORES!A:A)} -> 6
A8: AUAP | B8: SE-01 | C8: 60 | E8: 2 | G8: parametros | H8: 7 | I8: {=XLOOKUP(Q.A!$A8,MACROZONAS!B:B,MACROZONAS!A:A)} -> 1 | J8: {=XLOOKUP(Q.A!$B8,SETORES!B:B,SETORES!A:A)} -> 7
A9: AUAP | B9: SE-02 | C9: 60 | E9: 2 | G9: parametros | H9: 8 | I9: {=XLOOKUP(Q.A!$A9,MACROZONAS!B:B,MACROZONAS!A:A)} -> 1 | J9: {=XLOOKUP(Q.A!$B9,SETORES!B:B,SETORES!A:A)} -> 8
A10: AUAP | B10: SE-03 | C10: 60 | E10: 2 | G10: parametros | H10: 9 | I10: {=XLOOKUP(Q.A!$A10,MACROZONAS!B:B,MACROZONAS!A:A)} -> 1 | J10: {=XLOOKUP(Q.A!$B10,SETORES!B:B,SETORES!A:A)} -> 9
A11: AUAP | B11: SE-04 | C11: 60 | E11: 2 | G11: parametros | H11: 10 | I11: {=XLOOKUP(Q.A!$A11,MACROZONAS!B:B,MACROZONAS!A:A)} -> 1 | J11: {=XLOOKUP(Q.A!$B11,SETORES!B:B,SETORES!A:A)} -> 10
A12: AUAP | B12: SE-05 | C12: 60 | E12: 2 | G12: parametros | H12: 11 | I12: {=XLOOKUP(Q.A!$A12,MACROZONAS!B:B,MACROZONAS!A:A)} -> 1 | J12: {=XLOOKUP(Q.A!$B12,SETORES!B:B,SETORES!A:A)} -> 11
A13: AUAP | B13: SE-06 | C13: 60 | E13: 2 | G13: parametros | H13: 12 | I13: {=XLOOKUP(Q.A!$A13,MACROZONAS!B:B,MACROZONAS!A:A)} -> 1 | J13: {=XLOOKUP(Q.A!$B13,SETORES!B:B,SETORES!A:A)} -> 12
... A69: AUAE | B69: FR | C69: 60 | E69: 2 | G69: parametros | H69: 68 | I69: {=XLOOKUP(Q.A!$A69,MACROZONAS!B:B,MACROZONAS!A:A)} -> 4 | J69: {=XLOOKUP(Q.A!$B69,SETORES!B:B,SETORES!A:A)} -> 17

Sheet TO
A1: macrozona | B1: setor | C1: TO | D1: obs_setor | E1: obs_coef | F1: obs_geral | G1: obs_tabela | H1: ocupacao_id | I1: ocupacao_macrozona_id | J1: ocupacao_setor_id
A2: AUAP | B2: SA-01 | C2: 60 | E2: 10 | G2: parametros | H2: 1 | I2: {=XLOOKUP(TO!$A2,MACROZONAS!B:B,MACROZONAS!A:A)} -> 1 | J2: {=XLOOKUP(TO!$B2,SETORES!B:B,SETORES!A:A)} -> 1
A3: AUAS | B3: SA-01 | C3: 60 | E3: 10 | G3: parametros | H3: 2 | I3: {=XLOOKUP(TO!$A3,MACROZONAS!B:B,MACROZONAS!A:A)} -> 2 | J3: {=XLOOKUP(TO!$B3,SETORES!B:B,SETORES!A:A)} -> 1
A4: AUAC | B4: SA-01 | C4: 60 | E4: 10 | G4: parametros | H4: 3 | I4: {=XLOOKUP(TO!$A4,MACROZONAS!B:B,MACROZONAS!A:A)} -> 3 | J4: {=XLOOKUP(TO!$B4,SETORES!B:B,SETORES!A:A)} -> 1
A5: AUAE | B5: SA-01 | C5: 60 | E5: 10 | G5: parametros | H5: 4 | I5: {=XLOOKUP(TO!$A5,MACROZONAS!B:B,MACROZONAS!A:A)} -> 4 | J5: {=XLOOKUP(TO!$B5,SETORES!B:B,SETORES!A:A)} -> 1
A6: AUPA | B6: SA-01 | C6: 10 | E6: 10 | G6: parametros | H6: 5 | I6: {=XLOOKUP(TO!$A6,MACROZONAS!B:B,MACROZONAS!A:A)} -> 5 | J6: {=XLOOKUP(TO!$B6,SETORES!B:B,SETORES!A:A)} -> 1
A7: ARPA | B7: SA-01 | C7: 5 | E7: 10 | G7: parametros | H7: 6 | I7: {=XLOOKUP(TO!$A7,MACROZONAS!B:B,MACROZONAS!A:A)} -> 6 | J7: {=XLOOKUP(TO!$B7,SETORES!B:B,SETORES!A:A)} -> 1
A8: ARUC | B8: SA-01 | C8: 10 | E8: 10 | G8: parametros | H8: 7 | I8: {=XLOOKUP(TO!$A8,MACROZONAS!B:B,MACROZONAS!A:A)} -> 7 | J8: {=XLOOKUP(TO!$B8,SETORES!B:B,SETORES!A:A)} -> 1
A9: AUAP | B9: SA-02 | C9: 60 | E9: 10 | G9: parametros | H9: 8 | I9: {=XLOOKUP(TO!$A9,MACROZONAS!B:B,MACROZONAS!A:A)} -> 1 | J9: {=XLOOKUP(TO!$B9,SETORES!B:B,SETORES!A:A)} -> 2
A10: AUAS | B10: SA-02 | C10: 60 | E10: 10 | G10: parametros | H10: 9 | I10: {=XLOOKUP(TO!$A10,MACROZONAS!B:B,MACROZONAS!A:A)} -> 2 | J10: {=XLOOKUP(TO!$B10,SETORES!B:B,SETORES!A:A)} -> 2
A11: AUAC | B11: SA-02 | C11: 60 | E11: 10 | G11: parametros | H11: 10 | I11: {=XLOOKUP(TO!$A11,MACROZONAS!B:B,MACROZONAS!A:A)} -> 3 | J11: {=XLOOKUP(TO!$B11,SETORES!B:B,SETORES!A:A)} -> 2
A12: AUAE | B12: SA-02 | C12: 60 | E12: 10 | G12: parametros | H12: 11 | I12: {=XLOOKUP(TO!$A12,MACROZONAS!B:B,MACROZONAS!A:A)} -> 4 | J12: {=XLOOKUP(TO!$B12,SETORES!B:B,SETORES!A:A)} -> 2
A13: AUPA | B13: SA-02 | C13: 10 | E13: 10 | G13: parametros | H13: 12 | I13: {=XLOOKUP(TO!$A13,MACROZONAS!B:B,MACROZONAS!A:A)} -> 5 | J13: {=XLOOKUP(TO!$B13,SETORES!B:B,SETORES!A:A)} -> 2
... A120: ARUC | B120: FR | C120: 10 | E120: 10 | G120: parametros | H120: 119 | I120: {=XLOOKUP(TO!$A120,MACROZONAS!B:B,MACROZONAS!A:A)} -> 7 | J120: {=XLOOKUP(TO!$B120,SETORES!B:B,SETORES!A:A)} -> 17

Sheet RECUO
A1: macrozona | B1: setor | C1: recuo | D1: obs_setor | E1: obs_coef | F1: obs_geral | G1: obs_tabela | H1: recuo_id | I1: recuo_macrozona_id | J1: recuo_setor_id
A2: AUAP | B2: SA-01 | C2: 5 | D2: 7 | E2: 10 | G2: parametros | H2: 1 | I2: {=XLOOKUP(RECUO!$A2,MACROZONAS!B:B,MACROZONAS!A:A)} -> 1 | J2: {=XLOOKUP(RECUO!$B2,SETORES!B:B,SETORES!A:A)} -> 1
A3: AUAS | B3: SA-01 | C3: 5 | D3: 7 | E3: 10 | G3: parametros | H3: 2 | I3: {=XLOOKUP(RECUO!$A3,MACROZONAS!B:B,MACROZONAS!A:A)} -> 2 | J3: {=XLOOKUP(RECUO!$B3,SETORES!B:B,SETORES!A:A)} -> 1
A4: AUAC | B4: SA-01 | C4: 5 | D4: 7 | E4: 10 | G4: parametros | H4: 3 | I4: {=XLOOKUP(RECUO!$A4,MACROZONAS!B:B,MACROZONAS!A:A)} -> 3 | J4: {=XLOOKUP(RECUO!$B4,SETORES!B:B,SETORES!A:A)} -> 1
A5: AUAE | B5: SA-01 | C5: 5 | D5: 7 | E5: 10 | G5: parametros | H5: 4 | I5: {=XLOOKUP(RECUO!$A5,MACROZONAS!B:B,MACROZONAS!A:A)} -> 4 | J5: {=XLOOKUP(RECUO!$B5,SETORES!B:B,SETORES!A:A)} -> 1
A6: AUPA | B6: SA-01 | C6: 10 | E6: 10 | G6: parametros | H6: 5 | I6: {=XLOOKUP(RECUO!$A6,MACROZONAS!B:B,MACROZONAS!A:A)} -> 5 | J6: {=XLOOKUP(RECUO!$B6,SETORES!B:B,SETORES!A:A)} -> 1
A7: ARPA | B7: SA-01 | C7: 10 | E7: 10 | G7: parametros | H7: 6 | I7: {=XLOOKUP(RECUO!$A7,MACROZONAS!B:B,MACROZONAS!A:A)} -> 6 | J7: {=XLOOKUP(RECUO!$B7,SETORES!B:B,SETORES!A:A)} -> 1
A8: ARUC | B8: SA-01 | C8: 10 | E8: 10 | G8: parametros | H8: 7 | I8: {=XLOOKUP(RECUO!$A8,MACROZONAS!B:B,MACROZONAS!A:A)} -> 7 | J8: {=XLOOKUP(RECUO!$B8,SETORES!B:B,SETORES!A:A)} -> 1
A9: AUAP | B9: SA-02 | C9: 5 | D9: 7 | E9: 10 | G9: parametros | H9: 8 | I9: {=XLOOKUP(RECUO!$A9,MACROZONAS!B:B,MACROZONAS!A:A)} -> 1 | J9: {=XLOOKUP(RECUO!$B9,SETORES!B:B,SETORES!A:A)} -> 2
A10: AUAS | B10: SA-02 | C10: 5 | D10: 7 | E10: 10 | G10: parametros | H10: 9 | I10: {=XLOOKUP(RECUO!$A10,MACROZONAS!B:B,MACROZONAS!A:A)} -> 2 | J10: {=XLOOKUP(RECUO!$B10,SETORES!B:B,SETORES!A:A)} -> 2
A11: AUAC | B11: SA-02 | C11: 5 | D11: 7 | E11: 10 | G11: parametros | H11: 10 | I11: {=XLOOKUP(RECUO!$A11,MACROZONAS!B:B,MACROZONAS!A:A)} -> 3 | J11: {=XLOOKUP(RECUO!$B11,SETORES!B:B,SETORES!A:A)} -> 2
A12: AUAE | B12: SA-02 | C12: 5 | D12: 7 | E12: 10 | G12: parametros | H12: 11 | I12: {=XLOOKUP(RECUO!$A12,MACROZONAS!B:B,MACROZONAS!A:A)} -> 4 | J12: {=XLOOKUP(RECUO!$B12,SETORES!B:B,SETORES!A:A)} -> 2
A13: AUPA | B13: SA-02 | C13: 10 | E13: 10 | G13: parametros | H13: 12 | I13: {=XLOOKUP(RECUO!$A13,MACROZONAS!B:B,MACROZONAS!A:A)} -> 5 | J13: {=XLOOKUP(RECUO!$B13,SETORES!B:B,SETORES!A:A)} -> 2
A14: ARPA | B14: SA-02 | C14: 10 | E14: 10 | G14: parametros | H14: 13 | I14: {=XLOOKUP(RECUO!$A14,MACROZONAS!B:B,MACROZONAS!A:A)} -> 6 | J14: {=XLOOKUP(RECUO!$B14,SETORES!B:B,SETORES!A:A)} -> 2
A15: ARUC | B15: SA-02 | C15: 10 | E15: 10 | G15: parametros | H15: 14 | I15: {=XLOOKUP(RECUO!$A15,MACROZONAS!B:B,MACROZONAS!A:A)} -> 7 | J15: {=XLOOKUP(RECUO!$B15,SETORES!B:B,SETORES!A:A)} -> 2
A16: AUAP | B16: SA-03 | C16: 5 | D16: 7 | E16: 10 | G16: parametros | H16: 15 | I16: {=XLOOKUP(RECUO!$A16,MACROZONAS!B:B,MACROZONAS!A:A)} -> 1 | J16: {=XLOOKUP(RECUO!$B16,SETORES!B:B,SETORES!A:A)} -> 3
A17: AUAS | B17: SA-03 | C17: 5 | D17: 7 | E17: 10 | G17: parametros | H17: 16 | I17: {=XLOOKUP(RECUO!$A17,MACROZONAS!B:B,MACROZONAS!A:A)} -> 2 | J17: {=XLOOKUP(RECUO!$B17,SETORES!B:B,SETORES!A:A)} -> 3
A18: AUAC | B18: SA-03 | C18: 5 | D18: 7 | E18: 10 | G18: parametros | H18: 17 | I18: {=XLOOKUP(RECUO!$A18,MACROZONAS!B:B,MACROZONAS!A:A)} -> 3 | J18: {=XLOOKUP(RECUO!$B18,SETORES!B:B,SETORES!A:A)} -> 3
A19: AUAE | B19: SA-03 | C19: 5 | D19: 7 | E19: 10 | G19: parametros | H19: 18 | I19: {=XLOOKUP(RECUO!$A19,MACROZONAS!B:B,MACROZONAS!A:A)} -> 4 | J19: {=XLOOKUP(RECUO!$B19,SETORES!B:B,SETORES!A:A)} -> 3
A20: AUPA | B20: SA-03 | C20: 10 | E20: 10 | G20: parametros | H20: 19 | I20: {=XLOOKUP(RECUO!$A20,MACROZONAS!B:B,MACROZONAS!A:A)} -> 5 | J20: {=XLOOKUP(RECUO!$B20,SETORES!B:B,SETORES!A:A)} -> 3
A21: ARPA | B21: SA-03 | C21: 10 | E21: 10 | G21: parametros | H21: 20 | I21: {=XLOOKUP(RECUO!$A21,MACROZONAS!B:B,MACROZONAS!A:A)} -> 6 | J21: {=XLOOKUP(RECUO!$B21,SETORES!B:B,SETORES!A:A)} -> 3
A22: ARUC | B22: SA-03 | C22: 10 | E22: 10 | G22: parametros | H22: 21 | I22: {=XLOOKUP(RECUO!$A22,MACROZONAS!B:B,MACROZONAS!A:A)} -> 7 | J22: {=XLOOKUP(RECUO!$B22,SETORES!B:B,SETORES!A:A)} -> 3
A23: AUAP | B23: SA-04 | C23: 5 | D23: 7 | E23: 10 | G23: parametros | H23: 22 | I23: {=XLOOKUP(RECUO!$A23,MACROZONAS!B:B,MACROZONAS!A:A)} -> 1 | J23: {=XLOOKUP(RECUO!$B23,SETORES!B:B,SETORES!A:A)} -> 4
A24: AUAS | B24: SA-04 | C24: 5 | D24: 7 | E24: 10 | G24: parametros | H24: 23 | I24: {=XLOOKUP(RECUO!$A24,MACROZONAS!B:B,MACROZONAS!A:A)} -> 2 | J24: {=XLOOKUP(RECUO!$B24,SETORES!B:B,SETORES!A:A)} -> 4
A25: AUAC | B25: SA-04 | C25: 5 | D25: 7 | E25: 10 | G25: parametros | H25: 24 | I25: {=XLOOKUP(RECUO!$A25,MACROZONAS!B:B,MACROZONAS!A:A)} -> 3 | J25: {=XLOOKUP(RECUO!$B25,SETORES!B:B,SETORES!A:A)} -> 4
A26: AUAE | B26: SA-04 | C26: 5 | D26: 7 | E26: 10 | G26: parametros | H26: 25 | I26: {=XLOOKUP(RECUO!$A26,MACROZONAS!B:B,MACROZONAS!A:A)} -> 4 | J26: {=XLOOKUP(RECUO!$B26,SETORES!B:B,SETORES!A:A)} -> 4
A27: AUPA | B27: SA-04 | C27: 10 | E27: 10 | G27: parametros | H27: 26 | I27: {=XLOOKUP(RECUO!$A27,MACROZONAS!B:B,MACROZONAS!A:A)} -> 5 | J27: {=XLOOKUP(RECUO!$B27,SETORES!B:B,SETORES!A:A)} -> 4
A28: ARPA | B28: SA-04 | C28: 10 | E28: 10 | G28: parametros | H28: 27 | I28: {=XLOOKUP(RECUO!$A28,MACROZONAS!B:B,MACROZONAS!A:A)} -> 6 | J28: {=XLOOKUP(RECUO!$B28,SETORES!B:B,SETORES!A:A)} -> 4
A29: ARUC | B29: SA-04 | C29: 10 | E29: 10 | G29: parametros | H29: 28 | I29: {=XLOOKUP(RECUO!$A29,MACROZONAS!B:B,MACROZONAS!A:A)} -> 7 | J29: {=XLOOKUP(RECUO!$B29,SETORES!B:B,SETORES!A:A)} -> 4
A30: AUAP | B30: SA-05 | C30: 5 | D30: 7 | E30: 10 | G30: parametros | H30: 29 | I30: {=XLOOKUP(RECUO!$A30,MACROZONAS!B:B,MACROZONAS!A:A)} -> 1 | J30: {=XLOOKUP(RECUO!$B30,SETORES!B:B,SETORES!A:A)} -> 5
A31: AUAS | B31: SA-05 | C31: 5 | D31: 7 | E31: 10 | G31: parametros | H31: 30 | I31: {=XLOOKUP(RECUO!$A31,MACROZONAS!B:B,MACROZONAS!A:A)} -> 2 | J31: {=XLOOKUP(RECUO!$B31,SETORES!B:B,SETORES!A:A)} -> 5
A32: AUAC | B32: SA-05 | C32: 5 | D32: 7 | E32: 10 | G32: parametros | H32: 31 | I32: {=XLOOKUP(RECUO!$A32,MACROZONAS!B:B,MACROZONAS!A:A)} -> 3 | J32: {=XLOOKUP(RECUO!$B32,SETORES!B:B,SETORES!A:A)} -> 5
A33: AUAE | B33: SA-05 | C33: 5 | D33: 7 | E33: 10 | G33: parametros | H33: 32 | I33: {=XLOOKUP(RECUO!$A33,MACROZONAS!B:B,MACROZONAS!A:A)} -> 4 | J33: {=XLOOKUP(RECUO!$B33,SETORES!B:B,SETORES!A:A)} -> 5
A34: AUPA | B34: SA-05 | C34: 10 | E34: 10 | G34: parametros | H34: 33 | I34: {=XLOOKUP(RECUO!$A34,MACROZONAS!B:B,MACROZONAS!A:A)} -> 5 | J34: {=XLOOKUP(RECUO!$B34,SETORES!B:B,SETORES!A:A)} -> 5
A35: ARPA | B35: SA-05 | C35: 10 | E35: 10 | G35: parametros | H35: 34 | I35: {=XLOOKUP(RECUO!$A35,MACROZONAS!B:B,MACROZONAS!A:A)} -> 6 | J35: {=XLOOKUP(RECUO!$B35,SETORES!B:B,SETORES!A:A)} -> 5
A36: ARUC | B36: SA-05 | C36: 10 | E36: 10 | G36: parametros | H36: 35 | I36: {=XLOOKUP(RECUO!$A36,MACROZONAS!B:B,MACROZONAS!A:A)} -> 7 | J36: {=XLOOKUP(RECUO!$B36,SETORES!B:B,SETORES!A:A)} -> 5
A37: AUAP | B37: SAR | C37: 5 | D37: 7 | E37: 10 | G37: parametros | H37: 36 | I37: {=XLOOKUP(RECUO!$A37,MACROZONAS!B:B,MACROZONAS!A:A)} -> 1 | J37: {=XLOOKUP(RECUO!$B37,SETORES!B:B,SETORES!A:A)} -> 6
A38: AUAS | B38: SAR | C38: 5 | D38: 7 | E38: 10 | G38: parametros | H38: 37 | I38: {=XLOOKUP(RECUO!$A38,MACROZONAS!B:B,MACROZONAS!A:A)} -> 2 | J38: {=XLOOKUP(RECUO!$B38,SETORES!B:B,SETORES!A:A)} -> 6
A39: AUAC | B39: SAR | C39: 5 | D39: 7 | E39: 10 | G39: parametros | H39: 38 | I39: {=XLOOKUP(RECUO!$A39,MACROZONAS!B:B,MACROZONAS!A:A)} -> 3 | J39: {=XLOOKUP(RECUO!$B39,SETORES!B:B,SETORES!A:A)} -> 6
A40: AUAE | B40: SAR | C40: 5 | D40: 7 | E40: 10 | G40: parametros | H40: 39 | I40: {=XLOOKUP(RECUO!$A40,MACROZONAS!B:B,MACROZONAS!A:A)} -> 4 | J40: {=XLOOKUP(RECUO!$B40,SETORES!B:B,SETORES!A:A)} -> 6
A41: AUPA | B41: SAR | C41: 10 | E41: 10 | G41: parametros | H41: 40 | I41: {=XLOOKUP(RECUO!$A41,MACROZONAS!B:B,MACROZONAS!A:A)} -> 5 | J41: {=XLOOKUP(RECUO!$B41,SETORES!B:B,SETORES!A:A)} -> 6
A42: ARPA | B42: SAR | C42: 10 | E42: 10 | G42: parametros | H42: 41 | I42: {=XLOOKUP(RECUO!$A42,MACROZONAS!B:B,MACROZONAS!A:A)} -> 6 | J42: {=XLOOKUP(RECUO!$B42,SETORES!B:B,SETORES!A:A)} -> 6
A43: ARUC | B43: SAR | C43: 10 | E43: 10 | G43: parametros | H43: 42 | I43: {=XLOOKUP(RECUO!$A43,MACROZONAS!B:B,MACROZONAS!A:A)} -> 7 | J43: {=XLOOKUP(RECUO!$B43,SETORES!B:B,SETORES!A:A)} -> 6
A44: AUAP | B44: SE-01 | C44: 5 | D44: 7 | E44: 10 | G44: parametros | H44: 43 | I44: {=XLOOKUP(RECUO!$A44,MACROZONAS!B:B,MACROZONAS!A:A)} -> 1 | J44: {=XLOOKUP(RECUO!$B44,SETORES!B:B,SETORES!A:A)} -> 7
A45: AUAS | B45: SE-01 | C45: 5 | D45: 7 | E45: 10 | G45: parametros | H45: 44 | I45: {=XLOOKUP(RECUO!$A45,MACROZONAS!B:B,MACROZONAS!A:A)} -> 2 | J45: {=XLOOKUP(RECUO!$B45,SETORES!B:B,SETORES!A:A)} -> 7
A46: AUAC | B46: SE-01 | C46: 5 | D46: 7 | E46: 10 | G46: parametros | H46: 45 | I46: {=XLOOKUP(RECUO!$A46,MACROZONAS!B:B,MACROZONAS!A:A)} -> 3 | J46: {=XLOOKUP(RECUO!$B46,SETORES!B:B,SETORES!A:A)} -> 7
A47: AUAE | B47: SE-01 | C47: 5 | D47: 7 | E47: 10 | G47: parametros | H47: 46 | I47: {=XLOOKUP(RECUO!$A47,MACROZONAS!B:B,MACROZONAS!A:A)} -> 4 | J47: {=XLOOKUP(RECUO!$B47,SETORES!B:B,SETORES!A:A)} -> 7
A48: AUPA | B48: SE-01 | C48: 10 | E48: 10 | G48: parametros | H48: 47 | I48: {=XLOOKUP(RECUO!$A48,MACROZONAS!B:B,MACROZONAS!A:A)} -> 5 | J48: {=XLOOKUP(RECUO!$B48,SETORES!B:B,SETORES!A:A)} -> 7
A49: ARPA | B49: SE-01 | C49: 10 | E49: 10 | G49: parametros | H49: 48 | I49: {=XLOOKUP(RECUO!$A49,MACROZONAS!B:B,MACROZONAS!A:A)} -> 6 | J49: {=XLOOKUP(RECUO!$B49,SETORES!B:B,SETORES!A:A)} -> 7
A50: ARUC | B50: SE-01 | C50: 10 | E50: 10 | G50: parametros | H50: 49 | I50: {=XLOOKUP(RECUO!$A50,MACROZONAS!B:B,MACROZONAS!A:A)} -> 7 | J50: {=XLOOKUP(RECUO!$B50,SETORES!B:B,SETORES!A:A)} -> 7
A51: AUAP | B51: SE-02 | C51: 5 | D51: 7 | E51: 10 | G51: parametros | H51: 50 | I51: {=XLOOKUP(RECUO!$A51,MACROZONAS!B:B,MACROZONAS!A:A)} -> 1 | J51: {=XLOOKUP(RECUO!$B51,SETORES!B:B,SETORES!A:A)} -> 8
A52: AUAS | B52: SE-02 | C52: 5 | D52: 7 | E52: 10 | G52: parametros | H52: 51 | I52: {=XLOOKUP(RECUO!$A52,MACROZONAS!B:B,MACROZONAS!A:A)} -> 2 | J52: {=XLOOKUP(RECUO!$B52,SETORES!B:B,SETORES!A:A)} -> 8
A53: AUAC | B53: SE-02 | C53: 5 | D53: 7 | E53: 10 | G53: parametros | H53: 52 | I53: {=XLOOKUP(RECUO!$A53,MACROZONAS!B:B,MACROZONAS!A:A)} -> 3 | J53: {=XLOOKUP(RECUO!$B53,SETORES!B:B,SETORES!A:A)} -> 8
A54: AUAE | B54: SE-02 | C54: 5 | D54: 7 | E54: 10 | G54: parametros | H54: 53 | I54: {=XLOOKUP(RECUO!$A54,MACROZONAS!B:B,MACROZONAS!A:A)} -> 4 | J54: {=XLOOKUP(RECUO!$B54,SETORES!B:B,SETORES!A:A)} -> 8
A55: AUPA | B55: SE-02 | C55: 10 | E55: 10 | G55: parametros | H55: 54 | I55: {=XLOOKUP(RECUO!$A55,MACROZONAS!B:B,MACROZONAS!A:A)} -> 5 | J55: {=XLOOKUP(RECUO!$B55,SETORES!B:B,SETORES!A:A)} -> 8
A56: ARPA | B56: SE-02 | C56: 10 | E56: 10 | G56: parametros | H56: 55 | I56: {=XLOOKUP(RECUO!$A56,MACROZONAS!B:B,MACROZONAS!A:A)} -> 6 | J56: {=XLOOKUP(RECUO!$B56,SETORES!B:B,SETORES!A:A)} -> 8
A57: ARUC | B57: SE-02 | C57: 10 | E57: 10 | G57: parametros | H57: 56 | I57: {=XLOOKUP(RECUO!$A57,MACROZONAS!B:B,MACROZONAS!A:A)} -> 7 | J57: {=XLOOKUP(RECUO!$B57,SETORES!B:B,SETORES!A:A)} -> 8
A58: AUAP | B58: SE-03 | C58: 5 | D58: 7 | E58: 10 | G58: parametros | H58: 57 | I58: {=XLOOKUP(RECUO!$A58,MACROZONAS!B:B,MACROZONAS!A:A)} -> 1 | J58: {=XLOOKUP(RECUO!$B58,SETORES!B:B,SETORES!A:A)} -> 9
A59: AUAS | B59: SE-03 | C59: 5 | D59: 7 | E59: 10 | G59: parametros | H59: 58 | I59: {=XLOOKUP(RECUO!$A59,MACROZONAS!B:B,MACROZONAS!A:A)} -> 2 | J59: {=XLOOKUP(RECUO!$B59,SETORES!B:B,SETORES!A:A)} -> 9
A60: AUAC | B60: SE-03 | C60: 5 | D60: 7 | E60: 10 | G60: parametros | H60: 59 | I60: {=XLOOKUP(RECUO!$A60,MACROZONAS!B:B,MACROZONAS!A:A)} -> 3 | J60: {=XLOOKUP(RECUO!$B60,SETORES!B:B,SETORES!A:A)} -> 9
A61: AUAE | B61: SE-03 | C61: 5 | D61: 7 | E61: 10 | G61: parametros | H61: 60 | I61: {=XLOOKUP(RECUO!$A61,MACROZONAS!B:B,MACROZONAS!A:A)} -> 4 | J61: {=XLOOKUP(RECUO!$B61,SETORES!B:B,SETORES!A:A)} -> 9
A62: AUPA | B62: SE-03 | C62: 10 | E62: 10 | G62: parametros | H62: 61 | I62: {=XLOOKUP(RECUO!$A62,MACROZONAS!B:B,MACROZONAS!A:A)} -> 5 | J62: {=XLOOKUP(RECUO!$B62,SETORES!B:B,SETORES!A:A)} -> 9
A63: ARPA | B63: SE-03 | C63: 10 | E63: 10 | G63: parametros | H63: 62 | I63: {=XLOOKUP(RECUO!$A63,MACROZONAS!B:B,MACROZONAS!A:A)} -> 6 | J63: {=XLOOKUP(RECUO!$B63,SETORES!B:B,SETORES!A:A)} -> 9
A64: ARUC | B64: SE-03 | C64: 10 | E64: 10 | G64: parametros | H64: 63 | I64: {=XLOOKUP(RECUO!$A64,MACROZONAS!B:B,MACROZONAS!A:A)} -> 7 | J64: {=XLOOKUP(RECUO!$B64,SETORES!B:B,SETORES!A:A)} -> 9
A65: AUAP | B65: SE-04 | C65: 5 | D65: 7 | E65: 10 | G65: parametros | H65: 64 | I65: {=XLOOKUP(RECUO!$A65,MACROZONAS!B:B,MACROZONAS!A:A)} -> 1 | J65: {=XLOOKUP(RECUO!$B65,SETORES!B:B,SETORES!A:A)} -> 10
A66: AUAS | B66: SE-04 | C66: 5 | D66: 7 | E66: 10 | G66: parametros | H66: 65 | I66: {=XLOOKUP(RECUO!$A66,MACROZONAS!B:B,MACROZONAS!A:A)} -> 2 | J66: {=XLOOKUP(RECUO!$B66,SETORES!B:B,SETORES!A:A)} -> 10
A67: AUAC | B67: SE-04 | C67: 5 | D67: 7 | E67: 10 | G67: parametros | H67: 66 | I67: {=XLOOKUP(RECUO!$A67,MACROZONAS!B:B,MACROZONAS!A:A)} -> 3 | J67: {=XLOOKUP(RECUO!$B67,SETORES!B:B,SETORES!A:A)} -> 10
A68: AUAE | B68: SE-04 | C68: 5 | D68: 7 | E68: 10 | G68: parametros | H68: 67 | I68: {=XLOOKUP(RECUO!$A68,MACROZONAS!B:B,MACROZONAS!A:A)} -> 4 | J68: {=XLOOKUP(RECUO!$B68,SETORES!B:B,SETORES!A:A)} -> 10
A69: AUPA | B69: SE-04 | C69: 10 | E69: 10 | G69: parametros | H69: 68 | I69: {=XLOOKUP(RECUO!$A69,MACROZONAS!B:B,MACROZONAS!A:A)} -> 5 | J69: {=XLOOKUP(RECUO!$B69,SETORES!B:B,SETORES!A:A)} -> 10
A70: ARPA | B70: SE-04 | C70: 10 | E70: 10 | G70: parametros | H70: 69 | I70: {=XLOOKUP(RECUO!$A70,MACROZONAS!B:B,MACROZONAS!A:A)} -> 6 | J70: {=XLOOKUP(RECUO!$B70,SETORES!B:B,SETORES!A:A)} -> 10
A71: ARUC | B71: SE-04 | C71: 10 | E71: 10 | G71: parametros | H71: 70 | I71: {=XLOOKUP(RECUO!$A71,MACROZONAS!B:B,MACROZONAS!A:A)} -> 7 | J71: {=XLOOKUP(RECUO!$B71,SETORES!B:B,SETORES!A:A)} -> 10
A72: AUAP | B72: SE-05 | C72: 5 | D72: 7 | E72: 10 | G72: parametros | H72: 71 | I72: {=XLOOKUP(RECUO!$A72,MACROZONAS!B:B,MACROZONAS!A:A)} -> 1 | J72: {=XLOOKUP(RECUO!$B72,SETORES!B:B,SETORES!A:A)} -> 11
A73: AUAS | B73: SE-05 | C73: 5 | D73: 7 | E73: 10 | G73: parametros | H73: 72 | I73: {=XLOOKUP(RECUO!$A73,MACROZONAS!B:B,MACROZONAS!A:A)} -> 2 | J73: {=XLOOKUP(RECUO!$B73,SETORES!B:B,SETORES!A:A)} -> 11
A74: AUAC | B74: SE-05 | C74: 5 | D74: 7 | E74: 10 | G74: parametros | H74: 73 | I74: {=XLOOKUP(RECUO!$A74,MACROZONAS!B:B,MACROZONAS!A:A)} -> 3 | J74: {=XLOOKUP(RECUO!$B74,SETORES!B:B,SETORES!A:A)} -> 11
A75: AUAE | B75: SE-05 | C75: 5 | D75: 7 | E75: 10 | G75: parametros | H75: 74 | I75: {=XLOOKUP(RECUO!$A75,MACROZONAS!B:B,MACROZONAS!A:A)} -> 4 | J75: {=XLOOKUP(RECUO!$B75,SETORES!B:B,SETORES!A:A)} -> 11
A76: AUPA | B76: SE-05 | C76: 10 | E76: 10 | G76: parametros | H76: 75 | I76: {=XLOOKUP(RECUO!$A76,MACROZONAS!B:B,MACROZONAS!A:A)} -> 5 | J76: {=XLOOKUP(RECUO!$B76,SETORES!B:B,SETORES!A:A)} -> 11
A77: ARPA | B77: SE-05 | C77: 10 | E77: 10 | G77: parametros | H77: 76 | I77: {=XLOOKUP(RECUO!$A77,MACROZONAS!B:B,MACROZONAS!A:A)} -> 6 | J77: {=XLOOKUP(RECUO!$B77,SETORES!B:B,SETORES!A:A)} -> 11
A78: ARUC | B78: SE-05 | C78: 10 | E78: 10 | G78: parametros | H78: 77 | I78: {=XLOOKUP(RECUO!$A78,MACROZONAS!B:B,MACROZONAS!A:A)} -> 7 | J78: {=XLOOKUP(RECUO!$B78,SETORES!B:B,SETORES!A:A)} -> 11
A79: AUAP | B79: SE-06 | C79: 5 | D79: 7 | E79: 10 | G79: parametros | H79: 78 | I79: {=XLOOKUP(RECUO!$A79,MACROZONAS!B:B,MACROZONAS!A:A)} -> 1 | J79: {=XLOOKUP(RECUO!$B79,SETORES!B:B,SETORES!A:A)} -> 12
A80: AUAS | B80: SE-06 | C80: 5 | D80: 7 | E80: 10 | G80: parametros | H80: 79 | I80: {=XLOOKUP(RECUO!$A80,MACROZONAS!B:B,MACROZONAS!A:A)} -> 2 | J80: {=XLOOKUP(RECUO!$B80,SETORES!B:B,SETORES!A:A)} -> 12
A81: AUAC | B81: SE-06 | C81: 5 | D81: 7 | E81: 10 | G81: parametros | H81: 80 | I81: {=XLOOKUP(RECUO!$A81,MACROZONAS!B:B,MACROZONAS!A:A)} -> 3 | J81: {=XLOOKUP(RECUO!$B81,SETORES!B:B,SETORES!A:A)} -> 12
A82: AUAE | B82: SE-06 | C82: 5 | D82: 7 | E82: 10 | G82: parametros | H82: 81 | I82: {=XLOOKUP(RECUO!$A82,MACROZONAS!B:B,MACROZONAS!A:A)} -> 4 | J82: {=XLOOKUP(RECUO!$B82,SETORES!B:B,SETORES!A:A)} -> 12
A83: AUPA | B83: SE-06 | C83: 10 | E83: 10 | G83: parametros | H83: 82 | I83: {=XLOOKUP(RECUO!$A83,MACROZONAS!B:B,MACROZONAS!A:A)} -> 5 | J83: {=XLOOKUP(RECUO!$B83,SETORES!B:B,SETORES!A:A)} -> 12
A84: ARPA | B84: SE-06 | C84: 10 | E84: 10 | G84: parametros | H84: 83 | I84: {=XLOOKUP(RECUO!$A84,MACROZONAS!B:B,MACROZONAS!A:A)} -> 6 | J84: {=XLOOKUP(RECUO!$B84,SETORES!B:B,SETORES!A:A)} -> 12
A85: ARUC | B85: SE-06 | C85: 10 | E85: 10 | G85: parametros | H85: 84 | I85: {=XLOOKUP(RECUO!$A85,MACROZONAS!B:B,MACROZONAS!A:A)} -> 7 | J85: {=XLOOKUP(RECUO!$B85,SETORES!B:B,SETORES!A:A)} -> 12
A86: AUAP | B86: SE-07 | C86: 5 | D86: 7 | E86: 10 | G86: parametros | H86: 85 | I86: {=XLOOKUP(RECUO!$A86,MACROZONAS!B:B,MACROZONAS!A:A)} -> 1 | J86: {=XLOOKUP(RECUO!$B86,SETORES!B:B,SETORES!A:A)} -> 13
A87: AUAS | B87: SE-07 | C87: 5 | D87: 7 | E87: 10 | G87: parametros | H87: 86 | I87: {=XLOOKUP(RECUO!$A87,MACROZONAS!B:B,MACROZONAS!A:A)} -> 2 | J87: {=XLOOKUP(RECUO!$B87,SETORES!B:B,SETORES!A:A)} -> 13
A88: AUAC | B88: SE-07 | C88: 5 | D88: 7 | E88: 10 | G88: parametros | H88: 87 | I88: {=XLOOKUP(RECUO!$A88,MACROZONAS!B:B,MACROZONAS!A:A)} -> 3 | J88: {=XLOOKUP(RECUO!$B88,SETORES!B:B,SETORES!A:A)} -> 13
A89: AUAE | B89: SE-07 | C89: 5 | D89: 7 | E89: 10 | G89: parametros | H89: 88 | I89: {=XLOOKUP(RECUO!$A89,MACROZONAS!B:B,MACROZONAS!A:A)} -> 4 | J89: {=XLOOKUP(RECUO!$B89,SETORES!B:B,SETORES!A:A)} -> 13
A90: AUPA | B90: SE-07 | C90: 10 | E90: 10 | G90: parametros | H90: 89 | I90: {=XLOOKUP(RECUO!$A90,MACROZONAS!B:B,MACROZONAS!A:A)} -> 5 | J90: {=XLOOKUP(RECUO!$B90,SETORES!B:B,SETORES!A:A)} -> 13
A91: ARPA | B91: SE-07 | C91: 10 | E91: 10 | G91: parametros | H91: 90 | I91: {=XLOOKUP(RECUO!$A91,MACROZONAS!B:B,MACROZONAS!A:A)} -> 6 | J91: {=XLOOKUP(RECUO!$B91,SETORES!B:B,SETORES!A:A)} -> 13
A92: ARUC | B92: SE-07 | C92: 10 | E92: 10 | G92: parametros | H92: 91 | I92: {=XLOOKUP(RECUO!$A92,MACROZONAS!B:B,MACROZONAS!A:A)} -> 7 | J92: {=XLOOKUP(RECUO!$B92,SETORES!B:B,SETORES!A:A)} -> 13
A93: AUAP | B93: SE-08 | C93: 5 | D93: 7 | E93: 10 | G93: parametros | H93: 92 | I93: {=XLOOKUP(RECUO!$A93,MACROZONAS!B:B,MACROZONAS!A:A)} -> 1 | J93: {=XLOOKUP(RECUO!$B93,SETORES!B:B,SETORES!A:A)} -> 14
A94: AUAS | B94: SE-08 | C94: 5 | D94: 7 | E94: 10 | G94: parametros | H94: 93 | I94: {=XLOOKUP(RECUO!$A94,MACROZONAS!B:B,MACROZONAS!A:A)} -> 2 | J94: {=XLOOKUP(RECUO!$B94,SETORES!B:B,SETORES!A:A)} -> 14
A95: AUAC | B95: SE-08 | C95: 5 | D95: 7 | E95: 10 | G95: parametros | H95: 94 | I95: {=XLOOKUP(RECUO!$A95,MACROZONAS!B:B,MACROZONAS!A:A)} -> 3 | J95: {=XLOOKUP(RECUO!$B95,SETORES!B:B,SETORES!A:A)} -> 14
A96: AUAE | B96: SE-08 | C96: 5 | D96: 7 | E96: 10 | G96: parametros | H96: 95 | I96: {=XLOOKUP(RECUO!$A96,MACROZONAS!B:B,MACROZONAS!A:A)} -> 4 | J96: {=XLOOKUP(RECUO!$B96,SETORES!B:B,SETORES!A:A)} -> 14
A97: AUPA | B97: SE-08 | C97: 10 | E97: 10 | G97: parametros | H97: 96 | I97: {=XLOOKUP(RECUO!$A97,MACROZONAS!B:B,MACROZONAS!A:A)} -> 5 | J97: {=XLOOKUP(RECUO!$B97,SETORES!B:B,SETORES!A:A)} -> 14
A98: ARPA | B98: SE-08 | C98: 10 | E98: 10 | G98: parametros | H98: 97 | I98: {=XLOOKUP(RECUO!$A98,MACROZONAS!B:B,MACROZONAS!A:A)} -> 6 | J98: {=XLOOKUP(RECUO!$B98,SETORES!B:B,SETORES!A:A)} -> 14
A99: ARUC | B99: SE-08 | C99: 10 | E99: 10 | G99: parametros | H99: 98 | I99: {=XLOOKUP(RECUO!$A99,MACROZONAS!B:B,MACROZONAS!A:A)} -> 7 | J99: {=XLOOKUP(RECUO!$B99,SETORES!B:B,SETORES!A:A)} -> 14
A100: AUAP | B100: SE-09 | C100: 5 | D100: 7 | E100: 10 | G100: parametros | H100: 99 | I100: {=XLOOKUP(RECUO!$A100,MACROZONAS!B:B,MACROZONAS!A:A)} -> 1 | J100: {=XLOOKUP(RECUO!$B100,SETORES!B:B,SETORES!A:A)} -> 15
...

Sheet REC.L.F
A1: macrozona | B1: setor | C1: recuo_lateral | D1: divisor | E1: minimo | F1: acrescimo | G1: obs_setor | H1: obs_coef | I1: obs_geral | J1: obs_tabela | K1: recLF_id | L1: recLF_macrozona_id | M1: recLF_setor_id
A2: AUAP | B2: SA-01 | C2: h/6 + 0,5 | D2: 6 | E2: 1.5 | F2: 0.5 | G2: 7 | H2: 4, 10, 18 | J2: parametros | K2: 1 | L2: {=XLOOKUP(REC.L.F!$A2,MACROZONAS!B:B,MACROZONAS!A:A)} -> 1 | M2: {=XLOOKUP(REC.L.F!$B2,SETORES!B:B,SETORES!A:A)} -> 1
A3: AUAS | B3: SA-01 | C3: h/6 + 0,5 | D3: 6 | E3: 1.5 | F3: 0.5 | G3: 7 | H3: 4, 10, 18 | J3: parametros | K3: 2 | L3: {=XLOOKUP(REC.L.F!$A3,MACROZONAS!B:B,MACROZONAS!A:A)} -> 2 | M3: {=XLOOKUP(REC.L.F!$B3,SETORES!B:B,SETORES!A:A)} -> 1
A4: AUAC | B4: SA-01 | C4: h/6 + 0,5 | D4: 6 | E4: 1.5 | F4: 0.5 | G4: 7 | H4: 4, 10, 18 | J4: parametros | K4: 3 | L4: {=XLOOKUP(REC.L.F!$A4,MACROZONAS!B:B,MACROZONAS!A:A)} -> 3 | M4: {=XLOOKUP(REC.L.F!$B4,SETORES!B:B,SETORES!A:A)} -> 1
A5: AUAE | B5: SA-01 | C5: h/6 + 0,5 | D5: 6 | E5: 1.5 | F5: 0.5 | G5: 7 | H5: 4, 10, 18 | J5: parametros | K5: 4 | L5: {=XLOOKUP(REC.L.F!$A5,MACROZONAS!B:B,MACROZONAS!A:A)} -> 4 | M5: {=XLOOKUP(REC.L.F!$B5,SETORES!B:B,SETORES!A:A)} -> 1
A6: AUPA | B6: SA-01 | C6: 5 | E6: 5 | H6: 4, 10, 18 | J6: parametros | K6: 5 | L6: {=XLOOKUP(REC.L.F!$A6,MACROZONAS!B:B,MACROZONAS!A:A)} -> 5 | M6: {=XLOOKUP(REC.L.F!$B6,SETORES!B:B,SETORES!A:A)} -> 1
A7: ARPA | B7: SA-01 | C7: 5 | E7: 5 | H7: 4, 10, 18 | J7: parametros | K7: 6 | L7: {=XLOOKUP(REC.L.F!$A7,MACROZONAS!B:B,MACROZONAS!A:A)} -> 6 | M7: {=XLOOKUP(REC.L.F!$B7,SETORES!B:B,SETORES!A:A)} -> 1
A8: ARUC | B8: SA-01 | C8: 5 | E8: 5 | H8: 4, 10, 18 | J8: parametros | K8: 7 | L8: {=XLOOKUP(REC.L.F!$A8,MACROZONAS!B:B,MACROZONAS!A:A)} -> 7 | M8: {=XLOOKUP(REC.L.F!$B8,SETORES!B:B,SETORES!A:A)} -> 1
A9: AUAP | B9: SA-02 | C9: h/6 + 0,5 | D9: 6 | E9: 1.5 | F9: 0.5 | G9: 7 | H9: 4, 10, 18 | J9: parametros | K9: 8 | L9: {=XLOOKUP(REC.L.F!$A9,MACROZONAS!B:B,MACROZONAS!A:A)} -> 1 | M9: {=XLOOKUP(REC.L.F!$B9,SETORES!B:B,SETORES!A:A)} -> 2
A10: AUAS | B10: SA-02 | C10: h/6 + 0,5 | D10: 6 | E10: 1.5 | F10: 0.5 | G10: 7 | H10: 4, 10, 18 | J10: parametros | K10: 9 | L10: {=XLOOKUP(REC.L.F!$A10,MACROZONAS!B:B,MACROZONAS!A:A)} -> 2 | M10: {=XLOOKUP(REC.L.F!$B10,SETORES!B:B,SETORES!A:A)} -> 2
A11: AUAC | B11: SA-02 | C11: h/6 + 0,5 | D11: 6 | E11: 1.5 | F11: 0.5 | G11: 7 | H11: 4, 10, 18 | J11: parametros | K11: 10 | L11: {=XLOOKUP(REC.L.F!$A11,MACROZONAS!B:B,MACROZONAS!A:A)} -> 3 | M11: {=XLOOKUP(REC.L.F!$B11,SETORES!B:B,SETORES!A:A)} -> 2
A12: AUAE | B12: SA-02 | C12: h/6 + 0,5 | D12: 6 | E12: 1.5 | F12: 0.5 | G12: 7 | H12: 4, 10, 18 | J12: parametros | K12: 11 | L12: {=XLOOKUP(REC.L.F!$A12,MACROZONAS!B:B,MACROZONAS!A:A)} -> 4 | M12: {=XLOOKUP(REC.L.F!$B12,SETORES!B:B,SETORES!A:A)} -> 2
A13: AUPA | B13: SA-02 | C13: 5 | E13: 5 | H13: 4, 10, 18 | J13: parametros | K13: 12 | L13: {=XLOOKUP(REC.L.F!$A13,MACROZONAS!B:B,MACROZONAS!A:A)} -> 5 | M13: {=XLOOKUP(REC.L.F!$B13,SETORES!B:B,SETORES!A:A)} -> 2
A14: ARPA | B14: SA-02 | C14: 5 | E14: 5 | H14: 4, 10, 18 | J14: parametros | K14: 13 | L14: {=XLOOKUP(REC.L.F!$A14,MACROZONAS!B:B,MACROZONAS!A:A)} -> 6 | M14: {=XLOOKUP(REC.L.F!$B14,SETORES!B:B,SETORES!A:A)} -> 2
A15: ARUC | B15: SA-02 | C15: 5 | E15: 5 | H15: 4, 10, 18 | J15: parametros | K15: 14 | L15: {=XLOOKUP(REC.L.F!$A15,MACROZONAS!B:B,MACROZONAS!A:A)} -> 7 | M15: {=XLOOKUP(REC.L.F!$B15,SETORES!B:B,SETORES!A:A)} -> 2
A16: AUAP | B16: SA-03 | C16: h/6 + 0,5 | D16: 6 | E16: 1.5 | F16: 0.5 | G16: 7 | H16: 4, 10, 18 | J16: parametros | K16: 15 | L16: {=XLOOKUP(REC.L.F!$A16,MACROZONAS!B:B,MACROZONAS!A:A)} -> 1 | M16: {=XLOOKUP(REC.L.F!$B16,SETORES!B:B,SETORES!A:A)} -> 3
A17: AUAS | B17: SA-03 | C17: h/6 + 0,5 | D17: 6 | E17: 1.5 | F17: 0.5 | G17: 7 | H17: 4, 10, 18 | J17: parametros | K17: 16 | L17: {=XLOOKUP(REC.L.F!$A17,MACROZONAS!B:B,MACROZONAS!A:A)} -> 2 | M17: {=XLOOKUP(REC.L.F!$B17,SETORES!B:B,SETORES!A:A)} -> 3
A18: AUAC | B18: SA-03 | C18: h/6 + 0,5 | D18: 6 | E18: 1.5 | F18: 0.5 | G18: 7 | H18: 4, 10, 18 | J18: parametros | K18: 17 | L18: {=XLOOKUP(REC.L.F!$A18,MACROZONAS!B:B,MACROZONAS!A:A)} -> 3 | M18: {=XLOOKUP(REC.L.F!$B18,SETORES!B:B,SETORES!A:A)} -> 3
A19: AUAE | B19: SA-03 | C19: h/6 + 0,5 | D19: 6 | E19: 1.5 | F19: 0.5 | G19: 7 | H19: 4, 10, 18 | J19: parametros | K19: 18 | L19: {=XLOOKUP(REC.L.F!$A19,MACROZONAS!B:B,MACROZONAS!A:A)} -> 4 | M19: {=XLOOKUP(REC.L.F!$B19,SETORES!B:B,SETORES!A:A)} -> 3
A20: AUPA | B20: SA-03 | C20: 5 | E20: 5 | H20: 4, 10, 18 | J20: parametros | K20: 19 | L20: {=XLOOKUP(REC.L.F!$A20,MACROZONAS!B:B,MACROZONAS!A:A)} -> 5 | M20: {=XLOOKUP(REC.L.F!$B20,SETORES!B:B,SETORES!A:A)} -> 3
A21: ARPA | B21: SA-03 | C21: 5 | E21: 5 | H21: 4, 10, 18 | J21: parametros | K21: 20 | L21: {=XLOOKUP(REC.L.F!$A21,MACROZONAS!B:B,MACROZONAS!A:A)} -> 6 | M21: {=XLOOKUP(REC.L.F!$B21,SETORES!B:B,SETORES!A:A)} -> 3
A22: ARUC | B22: SA-03 | C22: 5 | E22: 5 | H22: 4, 10, 18 | J22: parametros | K22: 21 | L22: {=XLOOKUP(REC.L.F!$A22,MACROZONAS!B:B,MACROZONAS!A:A)} -> 7 | M22: {=XLOOKUP(REC.L.F!$B22,SETORES!B:B,SETORES!A:A)} -> 3
A23: AUAP | B23: SA-04 | C23: h/6 + 0,5 | D23: 6 | E23: 1.5 | F23: 0.5 | G23: 7 | H23: 4, 10, 18 | J23: parametros | K23: 22 | L23: {=XLOOKUP(REC.L.F!$A23,MACROZONAS!B:B,MACROZONAS!A:A)} -> 1 | M23: {=XLOOKUP(REC.L.F!$B23,SETORES!B:B,SETORES!A:A)} -> 4
A24: AUAS | B24: SA-04 | C24: h/6 + 0,5 | D24: 6 | E24: 1.5 | F24: 0.5 | G24: 7 | H24: 4, 10, 18 | J24: parametros | K24: 23 | L24: {=XLOOKUP(REC.L.F!$A24,MACROZONAS!B:B,MACROZONAS!A:A)} -> 2 | M24: {=XLOOKUP(REC.L.F!$B24,SETORES!B:B,SETORES!A:A)} -> 4
A25: AUAC | B25: SA-04 | C25: h/6 + 0,5 | D25: 6 | E25: 1.5 | F25: 0.5 | G25: 7 | H25: 4, 10, 18 | J25: parametros | K25: 24 | L25: {=XLOOKUP(REC.L.F!$A25,MACROZONAS!B:B,MACROZONAS!A:A)} -> 3 | M25: {=XLOOKUP(REC.L.F!$B25,SETORES!B:B,SETORES!A:A)} -> 4
A26: AUAE | B26: SA-04 | C26: h/6 + 0,5 | D26: 6 | E26: 1.5 | F26: 0.5 | G26: 7 | H26: 4, 10, 18 | J26: parametros | K26: 25 | L26: {=XLOOKUP(REC.L.F!$A26,MACROZONAS!B:B,MACROZONAS!A:A)} -> 4 | M26: {=XLOOKUP(REC.L.F!$B26,SETORES!B:B,SETORES!A:A)} -> 4
A27: AUPA | B27: SA-04 | C27: 5 | E27: 5 | H27: 4, 10, 18 | J27: parametros | K27: 26 | L27: {=XLOOKUP(REC.L.F!$A27,MACROZONAS!B:B,MACROZONAS!A:A)} -> 5 | M27: {=XLOOKUP(REC.L.F!$B27,SETORES!B:B,SETORES!A:A)} -> 4
A28: ARPA | B28: SA-04 | C28: 5 | E28: 5 | H28: 4, 10, 18 | J28: parametros | K28: 27 | L28: {=XLOOKUP(REC.L.F!$A28,MACROZONAS!B:B,MACROZONAS!A:A)} -> 6 | M28: {=XLOOKUP(REC.L.F!$B28,SETORES!B:B,SETORES!A:A)} -> 4
A29: ARUC | B29: SA-04 | C29: 5 | E29: 5 | H29: 4, 10, 18 | J29: parametros | K29: 28 | L29: {=XLOOKUP(REC.L.F!$A29,MACROZONAS!B:B,MACROZONAS!A:A)} -> 7 | M29: {=XLOOKUP(REC.L.F!$B29,SETORES!B:B,SETORES!A:A)} -> 4
A30: AUAP | B30: SA-05 | C30: h/6 + 0,5 | D30: 6 | E30: 1.5 | F30: 0.5 | G30: 7 | H30: 4, 10, 18 | J30: parametros | K30: 29 | L30: {=XLOOKUP(REC.L.F!$A30,MACROZONAS!B:B,MACROZONAS!A:A)} -> 1 | M30: {=XLOOKUP(REC.L.F!$B30,SETORES!B:B,SETORES!A:A)} -> 5
A31: AUAS | B31: SA-05 | C31: h/6 + 0,5 | D31: 6 | E31: 1.5 | F31: 0.5 | G31: 7 | H31: 4, 10, 18 | J31: parametros | K31: 30 | L31: {=XLOOKUP(REC.L.F!$A31,MACROZONAS!B:B,MACROZONAS!A:A)} -> 2 | M31: {=XLOOKUP(REC.L.F!$B31,SETORES!B:B,SETORES!A:A)} -> 5
A32: AUAC | B32: SA-05 | C32: h/6 + 0,5 | D32: 6 | E32: 1.5 | F32: 0.5 | G32: 7 | H32: 4, 10, 18 | J32: parametros | K32: 31 | L32: {=XLOOKUP(REC.L.F!$A32,MACROZONAS!B:B,MACROZONAS!A:A)} -> 3 | M32: {=XLOOKUP(REC.L.F!$B32,SETORES!B:B,SETORES!A:A)} -> 5
A33: AUAE | B33: SA-05 | C33: h/6 + 0,5 | D33: 6 | E33: 1.5 | F33: 0.5 | G33: 7 | H33: 4, 10, 18 | J33: parametros | K33: 32 | L33: {=XLOOKUP(REC.L.F!$A33,MACROZONAS!B:B,MACROZONAS!A:A)} -> 4 | M33: {=XLOOKUP(REC.L.F!$B33,SETORES!B:B,SETORES!A:A)} -> 5
A34: AUPA | B34: SA-05 | C34: 5 | E34: 5 | H34: 4, 10, 18 | J34: parametros | K34: 33 | L34: {=XLOOKUP(REC.L.F!$A34,MACROZONAS!B:B,MACROZONAS!A:A)} -> 5 | M34: {=XLOOKUP(REC.L.F!$B34,SETORES!B:B,SETORES!A:A)} -> 5
A35: ARPA | B35: SA-05 | C35: 5 | E35: 5 | H35: 4, 10, 18 | J35: parametros | K35: 34 | L35: {=XLOOKUP(REC.L.F!$A35,MACROZONAS!B:B,MACROZONAS!A:A)} -> 6 | M35: {=XLOOKUP(REC.L.F!$B35,SETORES!B:B,SETORES!A:A)} -> 5
A36: ARUC | B36: SA-05 | C36: 5 | E36: 5 | H36: 4, 10, 18 | J36: parametros | K36: 35 | L36: {=XLOOKUP(REC.L.F!$A36,MACROZONAS!B:B,MACROZONAS!A:A)} -> 7 | M36: {=XLOOKUP(REC.L.F!$B36,SETORES!B:B,SETORES!A:A)} -> 5
A37: AUAP | B37: SAR | C37: h/6 + 0,5 | D37: 6 | E37: 1.5 | F37: 0.5 | G37: 7 | H37: 4, 10, 18 | J37: parametros | K37: 36 | L37: {=XLOOKUP(REC.L.F!$A37,MACROZONAS!B:B,MACROZONAS!A:A)} -> 1 | M37: {=XLOOKUP(REC.L.F!$B37,SETORES!B:B,SETORES!A:A)} -> 6
A38: AUAS | B38: SAR | C38: h/6 + 0,5 | D38: 6 | E38: 1.5 | F38: 0.5 | G38: 7 | H38: 4, 10, 18 | J38: parametros | K38: 37 | L38: {=XLOOKUP(REC.L.F!$A38,MACROZONAS!B:B,MACROZONAS!A:A)} -> 2 | M38: {=XLOOKUP(REC.L.F!$B38,SETORES!B:B,SETORES!A:A)} -> 6
A39: AUAC | B39: SAR | C39: h/6 + 0,5 | D39: 6 | E39: 1.5 | F39: 0.5 | G39: 7 | H39: 4, 10, 18 | J39: parametros | K39: 38 | L39: {=XLOOKUP(REC.L.F!$A39,MACROZONAS!B:B,MACROZONAS!A:A)} -> 3 | M39: {=XLOOKUP(REC.L.F!$B39,SETORES!B:B,SETORES!A:A)} -> 6
A40: AUAE | B40: SAR | C40: h/6 + 0,5 | D40: 6 | E40: 1.5 | F40: 0.5 | G40: 7 | H40: 4, 10, 18 | J40: parametros | K40: 39 | L40: {=XLOOKUP(REC.L.F!$A40,MACROZONAS!B:B,MACROZONAS!A:A)} -> 4 | M40: {=XLOOKUP(REC.L.F!$B40,SETORES!B:B,SETORES!A:A)} -> 6
A41: AUPA | B41: SAR | C41: 5 | E41: 5 | H41: 4, 10, 18 | J41: parametros | K41: 40 | L41: {=XLOOKUP(REC.L.F!$A41,MACROZONAS!B:B,MACROZONAS!A:A)} -> 5 | M41: {=XLOOKUP(REC.L.F!$B41,SETORES!B:B,SETORES!A:A)} -> 6
A42: ARPA | B42: SAR | C42: 5 | E42: 5 | H42: 4, 10, 18 | J42: parametros | K42: 41 | L42: {=XLOOKUP(REC.L.F!$A42,MACROZONAS!B:B,MACROZONAS!A:A)} -> 6 | M42: {=XLOOKUP(REC.L.F!$B42,SETORES!B:B,SETORES!A:A)} -> 6
A43: ARUC | B43: SAR | C43: 5 | E43: 5 | H43: 4, 10, 18 | J43: parametros | K43: 42 | L43: {=XLOOKUP(REC.L.F!$A43,MACROZONAS!B:B,MACROZONAS!A:A)} -> 7 | M43: {=XLOOKUP(REC.L.F!$B43,SETORES!B:B,SETORES!A:A)} -> 6
A44: AUAP | B44: SE-01 | C44: h/6 + 0,5 | D44: 6 | E44: 1.5 | F44: 0.5 | G44: 7 | H44: 4, 10, 18 | J44: parametros | K44: 43 | L44: {=XLOOKUP(REC.L.F!$A44,MACROZONAS!B:B,MACROZONAS!A:A)} -> 1 | M44: {=XLOOKUP(REC.L.F!$B44,SETORES!B:B,SETORES!A:A)} -> 7
A45: AUAS | B45: SE-01 | C45: h/6 + 0,5 | D45: 6 | E45: 1.5 | F45: 0.5 | G45: 7 | H45: 4, 10, 18 | J45: parametros | K45: 44 | L45: {=XLOOKUP(REC.L.F!$A45,MACROZONAS!B:B,MACROZONAS!A:A)} -> 2 | M45: {=XLOOKUP(REC.L.F!$B45,SETORES!B:B,SETORES!A:A)} -> 7
A46: AUAC | B46: SE-01 | C46: h/6 + 0,5 | D46: 6 | E46: 1.5 | F46: 0.5 | G46: 7 | H46: 4, 10, 18 | J46: parametros | K46: 45 | L46: {=XLOOKUP(REC.L.F!$A46,MACROZONAS!B:B,MACROZONAS!A:A)} -> 3 | M46: {=XLOOKUP(REC.L.F!$B46,SETORES!B:B,SETORES!A:A)} -> 7
A47: AUAE | B47: SE-01 | C47: h/6 + 0,5 | D47: 6 | E47: 1.5 | F47: 0.5 | G47: 7 | H47: 4, 10, 18 | J47: parametros | K47: 46 | L47: {=XLOOKUP(REC.L.F!$A47,MACROZONAS!B:B,MACROZONAS!A:A)} -> 4 | M47: {=XLOOKUP(REC.L.F!$B47,SETORES!B:B,SETORES!A:A)} -> 7
A48: AUPA | B48: SE-01 | C48: 5 | E48: 5 | H48: 4, 10, 18 | J48: parametros | K48: 47 | L48: {=XLOOKUP(REC.L.F!$A48,MACROZONAS!B:B,MACROZONAS!A:A)} -> 5 | M48: {=XLOOKUP(REC.L.F!$B48,SETORES!B:B,SETORES!A:A)} -> 7
A49: ARPA | B49: SE-01 | C49: 5 | E49: 5 | H49: 4, 10, 18 | J49: parametros | K49: 48 | L49: {=XLOOKUP(REC.L.F!$A49,MACROZONAS!B:B,MACROZONAS!A:A)} -> 6 | M49: {=XLOOKUP(REC.L.F!$B49,SETORES!B:B,SETORES!A:A)} -> 7
A50: ARUC | B50: SE-01 | C50: 5 | E50: 5 | H50: 4, 10, 18 | J50: parametros | K50: 49 | L50: {=XLOOKUP(REC.L.F!$A50,MACROZONAS!B:B,MACROZONAS!A:A)} -> 7 | M50: {=XLOOKUP(REC.L.F!$B50,SETORES!B:B,SETORES!A:A)} -> 7
A51: AUAP | B51: SE-02 | C51: h/6 + 0,5 | D51: 6 | E51: 1.5 | F51: 0.5 | G51: 7 | H51: 4, 10, 18 | J51: parametros | K51: 50 | L51: {=XLOOKUP(REC.L.F!$A51,MACROZONAS!B:B,MACROZONAS!A:A)} -> 1 | M51: {=XLOOKUP(REC.L.F!$B51,SETORES!B:B,SETORES!A:A)} -> 8
A52: AUAS | B52: SE-02 | C52: h/6 + 0,5 | D52: 6 | E52: 1.5 | F52: 0.5 | G52: 7 | H52: 4, 10, 18 | J52: parametros | K52: 51 | L52: {=XLOOKUP(REC.L.F!$A52,MACROZONAS!B:B,MACROZONAS!A:A)} -> 2 | M52: {=XLOOKUP(REC.L.F!$B52,SETORES!B:B,SETORES!A:A)} -> 8
A53: AUAC | B53: SE-02 | C53: h/6 + 0,5 | D53: 6 | E53: 1.5 | F53: 0.5 | G53: 7 | H53: 4, 10, 18 | J53: parametros | K53: 52 | L53: {=XLOOKUP(REC.L.F!$A53,MACROZONAS!B:B,MACROZONAS!A:A)} -> 3 | M53: {=XLOOKUP(REC.L.F!$B53,SETORES!B:B,SETORES!A:A)} -> 8
A54: AUAE | B54: SE-02 | C54: h/6 + 0,5 | D54: 6 | E54: 1.5 | F54: 0.5 | G54: 7 | H54: 4, 10, 18 | J54: parametros | K54: 53 | L54: {=XLOOKUP(REC.L.F!$A54,MACROZONAS!B:B,MACROZONAS!A:A)} -> 4 | M54: {=XLOOKUP(REC.L.F!$B54,SETORES!B:B,SETORES!A:A)} -> 8
A55: AUPA | B55: SE-02 | C55: 5 | E55: 5 | H55: 4, 10, 18 | J55: parametros | K55: 54 | L55: {=XLOOKUP(REC.L.F!$A55,MACROZONAS!B:B,MACROZONAS!A:A)} -> 5 | M55: {=XLOOKUP(REC.L.F!$B55,SETORES!B:B,SETORES!A:A)} -> 8
A56: ARPA | B56: SE-02 | C56: 5 | E56: 5 | H56: 4, 10, 18 | J56: parametros | K56: 55 | L56: {=XLOOKUP(REC.L.F!$A56,MACROZONAS!B:B,MACROZONAS!A:A)} -> 6 | M56: {=XLOOKUP(REC.L.F!$B56,SETORES!B:B,SETORES!A:A)} -> 8
A57: ARUC | B57: SE-02 | C57: 5 | E57: 5 | H57: 4, 10, 18 | J57: parametros | K57: 56 | L57: {=XLOOKUP(REC.L.F!$A57,MACROZONAS!B:B,MACROZONAS!A:A)} -> 7 | M57: {=XLOOKUP(REC.L.F!$B57,SETORES!B:B,SETORES!A:A)} -> 8
A58: AUAP | B58: SE-03 | C58: h/6 + 0,5 | D58: 6 | E58: 1.5 | F58: 0.5 | G58: 7 | H58: 4, 10, 18 | J58: parametros | K58: 57 | L58: {=XLOOKUP(REC.L.F!$A58,MACROZONAS!B:B,MACROZONAS!A:A)} -> 1 | M58: {=XLOOKUP(REC.L.F!$B58,SETORES!B:B,SETORES!A:A)} -> 9
A59: AUAS | B59: SE-03 | C59: h/6 + 0,5 | D59: 6 | E59: 1.5 | F59: 0.5 | G59: 7 | H59: 4, 10, 18 | J59: parametros | K59: 58 | L59: {=XLOOKUP(REC.L.F!$A59,MACROZONAS!B:B,MACROZONAS!A:A)} -> 2 | M59: {=XLOOKUP(REC.L.F!$B59,SETORES!B:B,SETORES!A:A)} -> 9
A60: AUAC | B60: SE-03 | C60: h/6 + 0,5 | D60: 6 | E60: 1.5 | F60: 0.5 | G60: 7 | H60: 4, 10, 18 | J60: parametros | K60: 59 | L60: {=XLOOKUP(REC.L.F!$A60,MACROZONAS!B:B,MACROZONAS!A:A)} -> 3 | M60: {=XLOOKUP(REC.L.F!$B60,SETORES!B:B,SETORES!A:A)} -> 9
A61: AUAE | B61: SE-03 | C61: h/6 + 0,5 | D61: 6 | E61: 1.5 | F61: 0.5 | G61: 7 | H61: 4, 10, 18 | J61: parametros | K61: 60 | L61: {=XLOOKUP(REC.L.F!$A61,MACROZONAS!B:B,MACROZONAS!A:A)} -> 4 | M61: {=XLOOKUP(REC.L.F!$B61,SETORES!B:B,SETORES!A:A)} -> 9
A62: AUPA | B62: SE-03 | C62: 5 | E62: 5 | H62: 4, 10, 18 | J62: parametros | K62: 61 | L62: {=XLOOKUP(REC.L.F!$A62,MACROZONAS!B:B,MACROZONAS!A:A)} -> 5 | M62: {=XLOOKUP(REC.L.F!$B62,SETORES!B:B,SETORES!A:A)} -> 9
A63: ARPA | B63: SE-03 | C63: 5 | E63: 5 | H63: 4, 10, 18 | J63: parametros | K63: 62 | L63: {=XLOOKUP(REC.L.F!$A63,MACROZONAS!B:B,MACROZONAS!A:A)} -> 6 | M63: {=XLOOKUP(REC.L.F!$B63,SETORES!B:B,SETORES!A:A)} -> 9
A64: ARUC | B64: SE-03 | C64: 5 | E64: 5 | H64: 4, 10, 18 | J64: parametros | K64: 63 | L64: {=XLOOKUP(REC.L.F!$A64,MACROZONAS!B:B,MACROZONAS!A:A)} -> 7 | M64: {=XLOOKUP(REC.L.F!$B64,SETORES!B:B,SETORES!A:A)} -> 9
A65: AUAP | B65: SE-04 | C65: h/6 + 0,5 | D65: 6 | E65: 1.5 | F65: 0.5 | G65: 7 | H65: 4, 10, 18 | J65: parametros | K65: 64 | L65: {=XLOOKUP(REC.L.F!$A65,MACROZONAS!B:B,MACROZONAS!A:A)} -> 1 | M65: {=XLOOKUP(REC.L.F!$B65,SETORES!B:B,SETORES!A:A)} -> 10
A66: AUAS | B66: SE-04 | C66: h/6 + 0,5 | D66: 6 | E66: 1.5 | F66: 0.5 | G66: 7 | H66: 4, 10, 18 | J66: parametros | K66: 65 | L66: {=XLOOKUP(REC.L.F!$A66,MACROZONAS!B:B,MACROZONAS!A:A)} -> 2 | M66: {=XLOOKUP(REC.L.F!$B66,SETORES!B:B,SETORES!A:A)} -> 10
A67: AUAC | B67: SE-04 | C67: h/6 + 0,5 | D67: 6 | E67: 1.5 | F67: 0.5 | G67: 7 | H67: 4, 10, 18 | J67: parametros | K67: 66 | L67: {=XLOOKUP(REC.L.F!$A67,MACROZONAS!B:B,MACROZONAS!A:A)} -> 3 | M67: {=XLOOKUP(REC.L.F!$B67,SETORES!B:B,SETORES!A:A)} -> 10
A68: AUAE | B68: SE-04 | C68: h/6 + 0,5 | D68: 6 | E68: 1.5 | F68: 0.5 | G68: 7 | H68: 4, 10, 18 | J68: parametros | K68: 67 | L68: {=XLOOKUP(REC.L.F!$A68,MACROZONAS!B:B,MACROZONAS!A:A)} -> 4 | M68: {=XLOOKUP(REC.L.F!$B68,SETORES!B:B,SETORES!A:A)} -> 10
A69: AUPA | B69: SE-04 | C69: 5 | E69: 5 | H69: 4, 10, 18 | J69: parametros | K69: 68 | L69: {=XLOOKUP(REC.L.F!$A69,MACROZONAS!B:B,MACROZONAS!A:A)} -> 5 | M69: {=XLOOKUP(REC.L.F!$B69,SETORES!B:B,SETORES!A:A)} -> 10
A70: ARPA | B70: SE-04 | C70: 5 | E70: 5 | H70: 4, 10, 18 | J70: parametros | K70: 69 | L70: {=XLOOKUP(REC.L.F!$A70,MACROZONAS!B:B,MACROZONAS!A:A)} -> 6 | M70: {=XLOOKUP(REC.L.F!$B70,SETORES!B:B,SETORES!A:A)} -> 10
A71: ARUC | B71: SE-04 | C71: 5 | E71: 5 | H71: 4, 10, 18 | J71: parametros | K71: 70 | L71: {=XLOOKUP(REC.L.F!$A71,MACROZONAS!B:B,MACROZONAS!A:A)} -> 7 | M71: {=XLOOKUP(REC.L.F!$B71,SETORES!B:B,SETORES!A:A)} -> 10
A72: AUAP | B72: SE-05 | C72: h/6 + 0,5 | D72: 6 | E72: 1.5 | F72: 0.5 | G72: 7 | H72: 4, 10, 18 | J72: parametros | K72: 71 | L72: {=XLOOKUP(REC.L.F!$A72,MACROZONAS!B:B,MACROZONAS!A:A)} -> 1 | M72: {=XLOOKUP(REC.L.F!$B72,SETORES!B:B,SETORES!A:A)} -> 11
A73: AUAS | B73: SE-05 | C73: h/6 + 0,5 | D73: 6 | E73: 1.5 | F73: 0.5 | G73: 7 | H73: 4, 10, 18 | J73: parametros | K73: 72 | L73: {=XLOOKUP(REC.L.F!$A73,MACROZONAS!B:B,MACROZONAS!A:A)} -> 2 | M73: {=XLOOKUP(REC.L.F!$B73,SETORES!B:B,SETORES!A:A)} -> 11
A74: AUAC | B74: SE-05 | C74: h/6 + 0,5 | D74: 6 | E74: 1.5 | F74: 0.5 | G74: 7 | H74: 4, 10, 18 | J74: parametros | K74: 73 | L74: {=XLOOKUP(REC.L.F!$A74,MACROZONAS!B:B,MACROZONAS!A:A)} -> 3 | M74: {=XLOOKUP(REC.L.F!$B74,SETORES!B:B,SETORES!A:A)} -> 11
A75: AUAE | B75: SE-05 | C75: h/6 + 0,5 | D75: 6 | E75: 1.5 | F75: 0.5 | G75: 7 | H75: 4, 10, 18 | J75: parametros | K75: 74 | L75: {=XLOOKUP(REC.L.F!$A75,MACROZONAS!B:B,MACROZONAS!A:A)} -> 4 | M75: {=XLOOKUP(REC.L.F!$B75,SETORES!B:B,SETORES!A:A)} -> 11
A76: AUPA | B76: SE-05 | C76: 5 | E76: 5 | H76: 4, 10, 18 | J76: parametros | K76: 75 | L76: {=XLOOKUP(REC.L.F!$A76,MACROZONAS!B:B,MACROZONAS!A:A)} -> 5 | M76: {=XLOOKUP(REC.L.F!$B76,SETORES!B:B,SETORES!A:A)} -> 11
A77: ARPA | B77: SE-05 | C77: 5 | E77: 5 | H77: 4, 10, 18 | J77: parametros | K77: 76 | L77: {=XLOOKUP(REC.L.F!$A77,MACROZONAS!B:B,MACROZONAS!A:A)} -> 6 | M77: {=XLOOKUP(REC.L.F!$B77,SETORES!B:B,SETORES!A:A)} -> 11
A78: ARUC | B78: SE-05 | C78: 5 | E78: 5 | H78: 4, 10, 18 | J78: parametros | K78: 77 | L78: {=XLOOKUP(REC.L.F!$A78,MACROZONAS!B:B,MACROZONAS!A:A)} -> 7 | M78: {=XLOOKUP(REC.L.F!$B78,SETORES!B:B,SETORES!A:A)} -> 11
A79: AUAP | B79: SE-06 | C79: h/6 + 0,5 | D79: 6 | E79: 1.5 | F79: 0.5 | G79: 7 | H79: 4, 10, 18 | J79: parametros | K79: 78 | L79: {=XLOOKUP(REC.L.F!$A79,MACROZONAS!B:B,MACROZONAS!A:A)} -> 1 | M79: {=XLOOKUP(REC.L.F!$B79,SETORES!B:B,SETORES!A:A)} -> 12
A80: AUAS | B80: SE-06 | C80: h/6 + 0,5 | D80: 6 | E80: 1.5 | F80: 0.5 | G80: 7 | H80: 4, 10, 18 | J80: parametros | K80: 79 | L80: {=XLOOKUP(REC.L.F!$A80,MACROZONAS!B:B,MACROZONAS!A:A)} -> 2 | M80: {=XLOOKUP(REC.L.F!$B80,SETORES!B:B,SETORES!A:A)} -> 12
A81: AUAC | B81: SE-06 | C81: h/6 + 0,5 | D81: 6 | E81: 1.5 | F81: 0.5 | G81: 7 | H81: 4, 10, 18 | J81: parametros | K81: 80 | L81: {=XLOOKUP(REC.L.F!$A81,MACROZONAS!B:B,MACROZONAS!A:A)} -> 3 | M81: {=XLOOKUP(REC.L.F!$B81,SETORES!B:B,SETORES!A:A)} -> 12
A82: AUAE | B82: SE-06 | C82: h/6 + 0,5 | D82: 6 | E82: 1.5 | F82: 0.5 | G82: 7 | H82: 4, 10, 18 | J82: parametros | K82: 81 | L82: {=XLOOKUP(REC.L.F!$A82,MACROZONAS!B:B,MACROZONAS!A:A)} -> 4 | M82: {=XLOOKUP(REC.L.F!$B82,SETORES!B:B,SETORES!A:A)} -> 12
A83: AUPA | B83: SE-06 | C83: 5 | E83: 5 | H83: 4, 10, 18 | J83: parametros | K83: 82 | L83: {=XLOOKUP(REC.L.F!$A83,MACROZONAS!B:B,MACROZONAS!A:A)} -> 5 | M83: {=XLOOKUP(REC.L.F!$B83,SETORES!B:B,SETORES!A:A)} -> 12
A84: ARPA | B84: SE-06 | C84: 5 | E84: 5 | H84: 4, 10, 18 | J84: parametros | K84: 83 | L84: {=XLOOKUP(REC.L.F!$A84,MACROZONAS!B:B,MACROZONAS!A:A)} -> 6 | M84: {=XLOOKUP(REC.L.F!$B84,SETORES!B:B,SETORES!A:A)} -> 12
A85: ARUC | B85: SE-06 | C85: 5 | E85: 5 | H85: 4, 10, 18 | J85: parametros | K85: 84 | L85: {=XLOOKUP(REC.L.F!$A85,MACROZONAS!B:B,MACROZONAS!A:A)} -> 7 | M85: {=XLOOKUP(REC.L.F!$B85,SETORES!B:B,SETORES!A:A)} -> 12
A86: AUAP | B86: SE-07 | C86: h/6 + 0,5 | D86: 6 | E86: 1.5 | F86: 0.5 | G86: 7 | H86: 4, 10, 18 | J86: parametros | K86: 85 | L86: {=XLOOKUP(REC.L.F!$A86,MACROZONAS!B:B,MACROZONAS!A:A)} -> 1 | M86: {=XLOOKUP(REC.L.F!$B86,SETORES!B:B,SETORES!A:A)} -> 13
A87: AUAS | B87: SE-07 | C87: h/6 + 0,5 | D87: 6 | E87: 1.5 | F87: 0.5 | G87: 7 | H87: 4, 10, 18 | J87: parametros | K87: 86 | L87: {=XLOOKUP(REC.L.F!$A87,MACROZONAS!B:B,MACROZONAS!A:A)} -> 2 | M87: {=XLOOKUP(REC.L.F!$B87,SETORES!B:B,SETORES!A:A)} -> 13
A88: AUAC | B88: SE-07 | C88: h/6 + 0,5 | D88: 6 | E88: 1.5 | F88: 0.5 | G88: 7 | H88: 4, 10, 18 | J88: parametros | K88: 87 | L88: {=XLOOKUP(REC.L.F!$A88,MACROZONAS!B:B,MACROZONAS!A:A)} -> 3 | M88: {=XLOOKUP(REC.L.F!$B88,SETORES!B:B,SETORES!A:A)} -> 13
A89: AUAE | B89: SE-07 | C89: h/6 + 0,5 | D89: 6 | E89: 1.5 | F89: 0.5 | G89: 7 | H89: 4, 10, 18 | J89: parametros | K89: 88 | L89: {=XLOOKUP(REC.L.F!$A89,MACROZONAS!B:B,MACROZONAS!A:A)} -> 4 | M89: {=XLOOKUP(REC.L.F!$B89,SETORES!B:B,SETORES!A:A)} -> 13
A90: AUPA | B90: SE-07 | C90: 5 | E90: 5 | H90: 4, 10, 18 | J90: parametros | K90: 89 | L90: {=XLOOKUP(REC.L.F!$A90,MACROZONAS!B:B,MACROZONAS!A:A)} -> 5 | M90: {=XLOOKUP(REC.L.F!$B90,SETORES!B:B,SETORES!A:A)} -> 13
A91: ARPA | B91: SE-07 | C91: 5 | E91: 5 | H91: 4, 10, 18 | J91: parametros | K91: 90 | L91: {=XLOOKUP(REC.L.F!$A91,MACROZONAS!B:B,MACROZONAS!A:A)} -> 6 | M91: {=XLOOKUP(REC.L.F!$B91,SETORES!B:B,SETORES!A:A)} -> 13
A92: ARUC | B92: SE-07 | C92: 5 | E92: 5 | H92: 4, 10, 18 | J92: parametros | K92: 91 | L92: {=XLOOKUP(REC.L.F!$A92,MACROZONAS!B:B,MACROZONAS!A:A)} -> 7 | M92: {=XLOOKUP(REC.L.F!$B92,SETORES!B:B,SETORES!A:A)} -> 13
A93: AUAP | B93: SE-08 | C93: h/6 + 0,5 | D93: 6 | E93: 1.5 | F93: 0.5 | G93: 7 | H93: 4, 10, 18 | J93: parametros | K93: 92 | L93: {=XLOOKUP(REC.L.F!$A93,MACROZONAS!B:B,MACROZONAS!A:A)} -> 1 | M93: {=XLOOKUP(REC.L.F!$B93,SETORES!B:B,SETORES!A:A)} -> 14
A94: AUAS | B94: SE-08 | C94: h/6 + 0,5 | D94: 6 | E94: 1.5 | F94: 0.5 | G94: 7 | H94: 4, 10, 18 | J94: parametros | K94: 93 | L94: {=XLOOKUP(REC.L.F!$A94,MACROZONAS!B:B,MACROZONAS!A:A)} -> 2 | M94: {=XLOOKUP(REC.L.F!$B94,SETORES!B:B,SETORES!A:A)} -> 14
A95: AUAC | B95: SE-08 | C95: h/6 + 0,5 | D95: 6 | E95: 1.5 | F95: 0.5 | G95: 7 | H95: 4, 10, 18 | J95: parametros | K95: 94 | L95: {=XLOOKUP(REC.L.F!$A95,MACROZONAS!B:B,MACROZONAS!A:A)} -> 3 | M95: {=XLOOKUP(REC.L.F!$B95,SETORES!B:B,SETORES!A:A)} -> 14
A96: AUAE | B96: SE-08 | C96: h/6 + 0,5 | D96: 6 | E96: 1.5 | F96: 0.5 | G96: 7 | H96: 4, 10, 18 | J96: parametros | K96: 95 | L96: {=XLOOKUP(REC.L.F!$A96,MACROZONAS!B:B,MACROZONAS!A:A)} -> 4 | M96: {=XLOOKUP(REC.L.F!$B96,SETORES!B:B,SETORES!A:A)} -> 14
A97: AUPA | B97: SE-08 | C97: 5 | E97: 5 | H97: 4, 10, 18 | J97: parametros | K97: 96 | L97: {=XLOOKUP(REC.L.F!$A97,MACROZONAS!B:B,MACROZONAS!A:A)} -> 5 | M97: {=XLOOKUP(REC.L.F!$B97,SETORES!B:B,SETORES!A:A)} -> 14
A98: ARPA | B98: SE-08 | C98: 5 | E98: 5 | H98: 4, 10, 18 | J98: parametros | K98: 97 | L98: {=XLOOKUP(REC.L.F!$A98,MACROZONAS!B:B,MACROZONAS!A:A)} -> 6 | M98: {=XLOOKUP(REC.L.F!$B98,SETORES!B:B,SETORES!A:A)} -> 14
A99: ARUC | B99: SE-08 | C99: 5 | E99: 5 | H99: 4, 10, 18 | J99: parametros | K99: 98 | L99: {=XLOOKUP(REC.L.F!$A99,MACROZONAS!B:B,MACROZONAS!A:A)} -> 7 | M99: {=XLOOKUP(REC.L.F!$B99,SETORES!B:B,SETORES!A:A)} -> 14
A100: AUAP | B100: SE-09 | C100: h/6 + 0,5 | D100: 6 | E100: 1.5 | F100: 0.5 | G100: 7 | H100: 4, 10, 18 | J100: parametros | K100: 99 | L100: {=XLOOKUP(REC.L.F!$A100,MACROZONAS!B:B,MACROZONAS!A:A)} -> 1 | M100: {=XLOOKUP(REC.L.F!$B100,SETORES!B:B,SETORES!A:A)} -> 15
...

Sheet TP
A1: macrozona | B1: setor | C1: tp | D1: obs_setor | E1: obs_coef | F1: obs_geral | G1: obs_tabela | H1: permeabilidade_id | I1: permeabiliade_macrozona_id | J1: permeabilidade_setor_id
A2: ARPA | B2: FR | C2: 80 | E2: 8 | G2: parametros | H2: 1 | I2: {=XLOOKUP(TP!$A2,MACROZONAS!B:B,MACROZONAS!A:A)} -> 6 | J2: {=XLOOKUP(TP!$B2,SETORES!B:B,SETORES!A:A)} -> 17
A3: ARUC | B3: FR | C3: 80 | E3: 8 | G3: parametros | H3: 2 | I3: {=XLOOKUP(TP!$A3,MACROZONAS!B:B,MACROZONAS!A:A)} -> 7 | J3: {=XLOOKUP(TP!$B3,SETORES!B:B,SETORES!A:A)} -> 17
A4: AUAC | B4: FR | C4: 20 | E4: 8 | G4: parametros | H4: 3 | I4: {=XLOOKUP(TP!$A4,MACROZONAS!B:B,MACROZONAS!A:A)} -> 3 | J4: {=XLOOKUP(TP!$B4,SETORES!B:B,SETORES!A:A)} -> 17
A5: AUAE | B5: FR | C5: 20 | E5: 8 | G5: parametros | H5: 4 | I5: {=XLOOKUP(TP!$A5,MACROZONAS!B:B,MACROZONAS!A:A)} -> 4 | J5: {=XLOOKUP(TP!$B5,SETORES!B:B,SETORES!A:A)} -> 17
A6: AUAP | B6: FR | C6: 20 | E6: 8 | G6: parametros | H6: 5 | I6: {=XLOOKUP(TP!$A6,MACROZONAS!B:B,MACROZONAS!A:A)} -> 1 | J6: {=XLOOKUP(TP!$B6,SETORES!B:B,SETORES!A:A)} -> 17
A7: AUAS | B7: FR | C7: 20 | E7: 8 | G7: parametros | H7: 6 | I7: {=XLOOKUP(TP!$A7,MACROZONAS!B:B,MACROZONAS!A:A)} -> 2 | J7: {=XLOOKUP(TP!$B7,SETORES!B:B,SETORES!A:A)} -> 17
A8: AUPA | B8: FR | C8: 80 | E8: 8 | G8: parametros | H8: 7 | I8: {=XLOOKUP(TP!$A8,MACROZONAS!B:B,MACROZONAS!A:A)} -> 5 | J8: {=XLOOKUP(TP!$B8,SETORES!B:B,SETORES!A:A)} -> 17
A9: ARPA | B9: FV | C9: 80 | E9: 8 | G9: parametros | H9: 8 | I9: {=XLOOKUP(TP!$A9,MACROZONAS!B:B,MACROZONAS!A:A)} -> 6 | J9: {=XLOOKUP(TP!$B9,SETORES!B:B,SETORES!A:A)} -> 16
A10: ARUC | B10: FV | C10: 80 | E10: 8 | G10: parametros | H10: 9 | I10: {=XLOOKUP(TP!$A10,MACROZONAS!B:B,MACROZONAS!A:A)} -> 7 | J10: {=XLOOKUP(TP!$B10,SETORES!B:B,SETORES!A:A)} -> 16
A11: AUAC | B11: FV | C11: 20 | E11: 8 | G11: parametros | H11: 10 | I11: {=XLOOKUP(TP!$A11,MACROZONAS!B:B,MACROZONAS!A:A)} -> 3 | J11: {=XLOOKUP(TP!$B11,SETORES!B:B,SETORES!A:A)} -> 16
A12: AUAE | B12: FV | C12: 20 | E12: 8 | G12: parametros | H12: 11 | I12: {=XLOOKUP(TP!$A12,MACROZONAS!B:B,MACROZONAS!A:A)} -> 4 | J12: {=XLOOKUP(TP!$B12,SETORES!B:B,SETORES!A:A)} -> 16
A13: AUAP | B13: FV | C13: 20 | E13: 8 | G13: parametros | H13: 12 | I13: {=XLOOKUP(TP!$A13,MACROZONAS!B:B,MACROZONAS!A:A)} -> 1 | J13: {=XLOOKUP(TP!$B13,SETORES!B:B,SETORES!A:A)} -> 16
... A120: AUPA | B120: SE-09 | C120: 80 | E120: 8 | G120: parametros | H120: 119 | I120: {=XLOOKUP(TP!$A120,MACROZONAS!B:B,MACROZONAS!A:A)} -> 5 | J120: {=XLOOKUP(TP!$B120,SETORES!B:B,SETORES!A:A)} -> 15

Sheet Vaga
A1: macrozona | B1: setor | C1: vaga_guarda | D1: vaga_descarga | E1: obs_setor | F1: obs_coef | G1: obs_geral | H1: obs_tabela | I1: vaga_id | J1: vaga_macrozona_id | K1: vaga_setor_id
A2: ARPA | B2: FR | C2: 50 | D2: 500 | F2: 11, 15 | H2: parametros | I2: 1 | J2: {=XLOOKUP(Vaga!$A2,MACROZONAS!B:B,MACROZONAS!A:A)} -> 6 | K2: {=XLOOKUP(Vaga!$B2,SETORES!B:B,SETORES!A:A)} -> 17
A3: ARUC | B3: FR | C3: 50 | D3: 500 | F3: 11, 15 | H3: parametros | I3: 2 | J3: {=XLOOKUP(Vaga!$A3,MACROZONAS!B:B,MACROZONAS!A:A)} -> 7 | K3: {=XLOOKUP(Vaga!$B3,SETORES!B:B,SETORES!A:A)} -> 17
A4: AUAC | B4: FR | C4: 50 | D4: 500 | F4: 11, 15 | H4: parametros | I4: 3 | J4: {=XLOOKUP(Vaga!$A4,MACROZONAS!B:B,MACROZONAS!A:A)} -> 3 | K4: {=XLOOKUP(Vaga!$B4,SETORES!B:B,SETORES!A:A)} -> 17
A5: AUAE | B5: FR | C5: 50 | D5: 500 | F5: 11, 15 | H5: parametros | I5: 4 | J5: {=XLOOKUP(Vaga!$A5,MACROZONAS!B:B,MACROZONAS!A:A)} -> 4 | K5: {=XLOOKUP(Vaga!$B5,SETORES!B:B,SETORES!A:A)} -> 17
A6: AUAP | B6: FR | C6: 50 | D6: 500 | F6: 11, 15 | H6: parametros | I6: 5 | J6: {=XLOOKUP(Vaga!$A6,MACROZONAS!B:B,MACROZONAS!A:A)} -> 1 | K6: {=XLOOKUP(Vaga!$B6,SETORES!B:B,SETORES!A:A)} -> 17
A7: AUAS | B7: FR | C7: 50 | D7: 500 | F7: 11, 15 | H7: parametros | I7: 6 | J7: {=XLOOKUP(Vaga!$A7,MACROZONAS!B:B,MACROZONAS!A:A)} -> 2 | K7: {=XLOOKUP(Vaga!$B7,SETORES!B:B,SETORES!A:A)} -> 17
A8: AUPA | B8: FR | F8: 11, 15 | I8: 7 | J8: {=XLOOKUP(Vaga!$A8,MACROZONAS!B:B,MACROZONAS!A:A)} -> 5 | K8: {=XLOOKUP(Vaga!$B8,SETORES!B:B,SETORES!A:A)} -> 17
A9: ARPA | B9: FV | C9: 50 | D9: 500 | F9: 11, 15 | H9: parametros | I9: 8 | J9: {=XLOOKUP(Vaga!$A9,MACROZONAS!B:B,MACROZONAS!A:A)} -> 6 | K9: {=XLOOKUP(Vaga!$B9,SETORES!B:B,SETORES!A:A)} -> 16
A10: ARUC | B10: FV | C10: 50 | D10: 500 | F10: 11, 15 | H10: parametros | I10: 9 | J10: {=XLOOKUP(Vaga!$A10,MACROZONAS!B:B,MACROZONAS!A:A)} -> 7 | K10: {=XLOOKUP(Vaga!$B10,SETORES!B:B,SETORES!A:A)} -> 16
A11: AUAC | B11: FV | C11: 50 | D11: 500 | F11: 11, 15 | H11: parametros | I11: 10 | J11: {=XLOOKUP(Vaga!$A11,MACROZONAS!B:B,MACROZONAS!A:A)} -> 3 | K11: {=XLOOKUP(Vaga!$B11,SETORES!B:B,SETORES!A:A)} -> 16
A12: AUAE | B12: FV | C12: 50 | D12: 500 | F12: 11, 15 | H12: parametros | I12: 11 | J12: {=XLOOKUP(Vaga!$A12,MACROZONAS!B:B,MACROZONAS!A:A)} -> 4 | K12: {=XLOOKUP(Vaga!$B12,SETORES!B:B,SETORES!A:A)} -> 16
A13: AUAP | B13: FV | C13: 50 | D13: 500 | F13: 11, 15 | H13: parametros | I13: 12 | J13: {=XLOOKUP(Vaga!$A13,MACROZONAS!B:B,MACROZONAS!A:A)} -> 1 | K13: {=XLOOKUP(Vaga!$B13,SETORES!B:B,SETORES!A:A)} -> 16
A14: AUAS | B14: FV | C14: 50 | D14: 500 | F14: 11, 15 | H14: parametros | I14: 13 | J14: {=XLOOKUP(Vaga!$A14,MACROZONAS!B:B,MACROZONAS!A:A)} -> 2 | K14: {=XLOOKUP(Vaga!$B14,SETORES!B:B,SETORES!A:A)} -> 16
A15: AUPA | B15: FV | F15: 11, 15 | I15: 14 | J15: {=XLOOKUP(Vaga!$A15,MACROZONAS!B:B,MACROZONAS!A:A)} -> 5 | K15: {=XLOOKUP(Vaga!$B15,SETORES!B:B,SETORES!A:A)} -> 16
A16: ARPA | B16: SA-01 | C16: 50 | D16: 500 | F16: 11, 15 | H16: parametros | I16: 15 | J16: {=XLOOKUP(Vaga!$A16,MACROZONAS!B:B,MACROZONAS!A:A)} -> 6 | K16: {=XLOOKUP(Vaga!$B16,SETORES!B:B,SETORES!A:A)} -> 1
A17: ARUC | B17: SA-01 | C17: 50 | D17: 500 | F17: 11, 15 | H17: parametros | I17: 16 | J17: {=XLOOKUP(Vaga!$A17,MACROZONAS!B:B,MACROZONAS!A:A)} -> 7 | K17: {=XLOOKUP(Vaga!$B17,SETORES!B:B,SETORES!A:A)} -> 1
A18: AUAC | B18: SA-01 | C18: 50 | D18: 500 | F18: 11, 15 | H18: parametros | I18: 17 | J18: {=XLOOKUP(Vaga!$A18,MACROZONAS!B:B,MACROZONAS!A:A)} -> 3 | K18: {=XLOOKUP(Vaga!$B18,SETORES!B:B,SETORES!A:A)} -> 1
A19: AUAE | B19: SA-01 | C19: 50 | D19: 500 | F19: 11, 15 | H19: parametros | I19: 18 | J19: {=XLOOKUP(Vaga!$A19,MACROZONAS!B:B,MACROZONAS!A:A)} -> 4 | K19: {=XLOOKUP(Vaga!$B19,SETORES!B:B,SETORES!A:A)} -> 1
A20: AUAP | B20: SA-01 | C20: 50 | D20: 500 | F20: 11, 15 | H20: parametros | I20: 19 | J20: {=XLOOKUP(Vaga!$A20,MACROZONAS!B:B,MACROZONAS!A:A)} -> 1 | K20: {=XLOOKUP(Vaga!$B20,SETORES!B:B,SETORES!A:A)} -> 1
A21: AUAS | B21: SA-01 | C21: 50 | D21: 500 | F21: 11, 15 | H21: parametros | I21: 20 | J21: {=XLOOKUP(Vaga!$A21,MACROZONAS!B:B,MACROZONAS!A:A)} -> 2 | K21: {=XLOOKUP(Vaga!$B21,SETORES!B:B,SETORES!A:A)} -> 1
A22: AUPA | B22: SA-01 | F22: 11, 15 | I22: 21 | J22: {=XLOOKUP(Vaga!$A22,MACROZONAS!B:B,MACROZONAS!A:A)} -> 5 | K22: {=XLOOKUP(Vaga!$B22,SETORES!B:B,SETORES!A:A)} -> 1
A23: ARPA | B23: SA-02 | C23: 50 | D23: 500 | F23: 11, 15 | H23: parametros | I23: 22 | J23: {=XLOOKUP(Vaga!$A23,MACROZONAS!B:B,MACROZONAS!A:A)} -> 6 | K23: {=XLOOKUP(Vaga!$B23,SETORES!B:B,SETORES!A:A)} -> 2
A24: ARUC | B24: SA-02 | C24: 50 | D24: 500 | F24: 11, 15 | H24: parametros | I24: 23 | J24: {=XLOOKUP(Vaga!$A24,MACROZONAS!B:B,MACROZONAS!A:A)} -> 7 | K24: {=XLOOKUP(Vaga!$B24,SETORES!B:B,SETORES!A:A)} -> 2
A25: AUAC | B25: SA-02 | C25: 50 | D25: 500 | F25: 11, 15 | H25: parametros | I25: 24 | J25: {=XLOOKUP(Vaga!$A25,MACROZONAS!B:B,MACROZONAS!A:A)} -> 3 | K25: {=XLOOKUP(Vaga!$B25,SETORES!B:B,SETORES!A:A)} -> 2
A26: AUAE | B26: SA-02 | C26: 50 | D26: 500 | F26: 11, 15 | H26: parametros | I26: 25 | J26: {=XLOOKUP(Vaga!$A26,MACROZONAS!B:B,MACROZONAS!A:A)} -> 4 | K26: {=XLOOKUP(Vaga!$B26,SETORES!B:B,SETORES!A:A)} -> 2
A27: AUAP | B27: SA-02 | C27: 50 | D27: 500 | F27: 11, 15 | H27: parametros | I27: 26 | J27: {=XLOOKUP(Vaga!$A27,MACROZONAS!B:B,MACROZONAS!A:A)} -> 1 | K27: {=XLOOKUP(Vaga!$B27,SETORES!B:B,SETORES!A:A)} -> 2
A28: AUAS | B28: SA-02 | C28: 50 | D28: 500 | F28: 11, 15 | H28: parametros | I28: 27 | J28: {=XLOOKUP(Vaga!$A28,MACROZONAS!B:B,MACROZONAS!A:A)} -> 2 | K28: {=XLOOKUP(Vaga!$B28,SETORES!B:B,SETORES!A:A)} -> 2
A29: AUPA | B29: SA-02 | F29: 11, 15 | I29: 28 | J29: {=XLOOKUP(Vaga!$A29,MACROZONAS!B:B,MACROZONAS!A:A)} -> 5 | K29: {=XLOOKUP(Vaga!$B29,SETORES!B:B,SETORES!A:A)} -> 2
A30: ARPA | B30: SA-03 | C30: 50 | D30: 500 | F30: 11, 15 | H30: parametros | I30: 29 | J30: {=XLOOKUP(Vaga!$A30,MACROZONAS!B:B,MACROZONAS!A:A)} -> 6 | K30: {=XLOOKUP(Vaga!$B30,SETORES!B:B,SETORES!A:A)} -> 3
A31: ARUC | B31: SA-03 | C31: 50 | D31: 500 | F31: 11, 15 | H31: parametros | I31: 30 | J31: {=XLOOKUP(Vaga!$A31,MACROZONAS!B:B,MACROZONAS!A:A)} -> 7 | K31: {=XLOOKUP(Vaga!$B31,SETORES!B:B,SETORES!A:A)} -> 3
A32: AUAC | B32: SA-03 | C32: 50 | D32: 500 | F32: 11, 15 | H32: parametros | I32: 31 | J32: {=XLOOKUP(Vaga!$A32,MACROZONAS!B:B,MACROZONAS!A:A)} -> 3 | K32: {=XLOOKUP(Vaga!$B32,SETORES!B:B,SETORES!A:A)} -> 3
A33: AUAE | B33: SA-03 | C33: 50 | D33: 500 | F33: 11, 15 | H33: parametros | I33: 32 | J33: {=XLOOKUP(Vaga!$A33,MACROZONAS!B:B,MACROZONAS!A:A)} -> 4 | K33: {=XLOOKUP(Vaga!$B33,SETORES!B:B,SETORES!A:A)} -> 3
A34: AUAP | B34: SA-03 | C34: 50 | D34: 500 | F34: 11, 15 | H34: parametros | I34: 33 | J34: {=XLOOKUP(Vaga!$A34,MACROZONAS!B:B,MACROZONAS!A:A)} -> 1 | K34: {=XLOOKUP(Vaga!$B34,SETORES!B:B,SETORES!A:A)} -> 3
A35: AUAS | B35: SA-03 | C35: 50 | D35: 500 | F35: 11, 15 | H35: parametros | I35: 34 | J35: {=XLOOKUP(Vaga!$A35,MACROZONAS!B:B,MACROZONAS!A:A)} -> 2 | K35: {=XLOOKUP(Vaga!$B35,SETORES!B:B,SETORES!A:A)} -> 3
A36: AUPA | B36: SA-03 | F36: 11, 15 | I36: 35 | J36: {=XLOOKUP(Vaga!$A36,MACROZONAS!B:B,MACROZONAS!A:A)} -> 5 | K36: {=XLOOKUP(Vaga!$B36,SETORES!B:B,SETORES!A:A)} -> 3
A37: ARPA | B37: SA-04 | C37: 50 | D37: 500 | F37: 11, 15 | H37: parametros | I37: 36 | J37: {=XLOOKUP(Vaga!$A37,MACROZONAS!B:B,MACROZONAS!A:A)} -> 6 | K37: {=XLOOKUP(Vaga!$B37,SETORES!B:B,SETORES!A:A)} -> 4
A38: ARUC | B38: SA-04 | C38: 50 | D38: 500 | F38: 11, 15 | H38: parametros | I38: 37 | J38: {=XLOOKUP(Vaga!$A38,MACROZONAS!B:B,MACROZONAS!A:A)} -> 7 | K38: {=XLOOKUP(Vaga!$B38,SETORES!B:B,SETORES!A:A)} -> 4
A39: AUAC | B39: SA-04 | C39: 50 | D39: 500 | F39: 11, 15 | H39: parametros | I39: 38 | J39: {=XLOOKUP(Vaga!$A39,MACROZONAS!B:B,MACROZONAS!A:A)} -> 3 | K39: {=XLOOKUP(Vaga!$B39,SETORES!B:B,SETORES!A:A)} -> 4
A40: AUAE | B40: SA-04 | C40: 50 | D40: 500 | F40: 11, 15 | H40: parametros | I40: 39 | J40: {=XLOOKUP(Vaga!$A40,MACROZONAS!B:B,MACROZONAS!A:A)} -> 4 | K40: {=XLOOKUP(Vaga!$B40,SETORES!B:B,SETORES!A:A)} -> 4
A41: AUAP | B41: SA-04 | C41: 50 | D41: 500 | F41: 11, 15 | H41: parametros | I41: 40 | J41: {=XLOOKUP(Vaga!$A41,MACROZONAS!B:B,MACROZONAS!A:A)} -> 1 | K41: {=XLOOKUP(Vaga!$B41,SETORES!B:B,SETORES!A:A)} -> 4
A42: AUAS | B42: SA-04 | C42: 50 | D42: 500 | F42: 11, 15 | H42: parametros | I42: 41 | J42: {=XLOOKUP(Vaga!$A42,MACROZONAS!B:B,MACROZONAS!A:A)} -> 2 | K42: {=XLOOKUP(Vaga!$B42,SETORES!B:B,SETORES!A:A)} -> 4
A43: AUPA | B43: SA-04 | F43: 11, 15 | I43: 42 | J43: {=XLOOKUP(Vaga!$A43,MACROZONAS!B:B,MACROZONAS!A:A)} -> 5 | K43: {=XLOOKUP(Vaga!$B43,SETORES!B:B,SETORES!A:A)} -> 4
A44: ARPA | B44: SA-05 | C44: 50 | D44: 500 | F44: 11, 15 | H44: parametros | I44: 43 | J44: {=XLOOKUP(Vaga!$A44,MACROZONAS!B:B,MACROZONAS!A:A)} -> 6 | K44: {=XLOOKUP(Vaga!$B44,SETORES!B:B,SETORES!A:A)} -> 5
A45: ARUC | B45: SA-05 | C45: 50 | D45: 500 | F45: 11, 15 | H45: parametros | I45: 44 | J45: {=XLOOKUP(Vaga!$A45,MACROZONAS!B:B,MACROZONAS!A:A)} -> 7 | K45: {=XLOOKUP(Vaga!$B45,SETORES!B:B,SETORES!A:A)} -> 5
A46: AUAC | B46: SA-05 | C46: 50 | D46: 500 | F46: 11, 15 | H46: parametros | I46: 45 | J46: {=XLOOKUP(Vaga!$A46,MACROZONAS!B:B,MACROZONAS!A:A)} -> 3 | K46: {=XLOOKUP(Vaga!$B46,SETORES!B:B,SETORES!A:A)} -> 5
A47: AUAE | B47: SA-05 | C47: 50 | D47: 500 | F47: 11, 15 | H47: parametros | I47: 46 | J47: {=XLOOKUP(Vaga!$A47,MACROZONAS!B:B,MACROZONAS!A:A)} -> 4 | K47: {=XLOOKUP(Vaga!$B47,SETORES!B:B,SETORES!A:A)} -> 5
A48: AUAP | B48: SA-05 | C48: 50 | D48: 500 | F48: 11, 15 | H48: parametros | I48: 47 | J48: {=XLOOKUP(Vaga!$A48,MACROZONAS!B:B,MACROZONAS!A:A)} -> 1 | K48: {=XLOOKUP(Vaga!$B48,SETORES!B:B,SETORES!A:A)} -> 5
A49: AUAS | B49: SA-05 | C49: 50 | D49: 500 | F49: 11, 15 | H49: parametros | I49: 48 | J49: {=XLOOKUP(Vaga!$A49,MACROZONAS!B:B,MACROZONAS!A:A)} -> 2 | K49: {=XLOOKUP(Vaga!$B49,SETORES!B:B,SETORES!A:A)} -> 5
A50: AUPA | B50: SA-05 | F50: 11, 15 | I50: 49 | J50: {=XLOOKUP(Vaga!$A50,MACROZONAS!B:B,MACROZONAS!A:A)} -> 5 | K50: {=XLOOKUP(Vaga!$B50,SETORES!B:B,SETORES!A:A)} -> 5
A51: ARPA | B51: SAR | C51: 50 | D51: 500 | F51: 11, 15 | H51: parametros | I51: 50 | J51: {=XLOOKUP(Vaga!$A51,MACROZONAS!B:B,MACROZONAS!A:A)} -> 6 | K51: {=XLOOKUP(Vaga!$B51,SETORES!B:B,SETORES!A:A)} -> 6
A52: ARUC | B52: SAR | C52: 50 | D52: 500 | F52: 11, 15 | H52: parametros | I52: 51 | J52: {=XLOOKUP(Vaga!$A52,MACROZONAS!B:B,MACROZONAS!A:A)} -> 7 | K52: {=XLOOKUP(Vaga!$B52,SETORES!B:B,SETORES!A:A)} -> 6
A53: AUAC | B53: SAR | C53: 50 | D53: 500 | F53: 11, 15 | H53: parametros | I53: 52 | J53: {=XLOOKUP(Vaga!$A53,MACROZONAS!B:B,MACROZONAS!A:A)} -> 3 | K53: {=XLOOKUP(Vaga!$B53,SETORES!B:B,SETORES!A:A)} -> 6
A54: AUAE | B54: SAR | C54: 50 | D54: 500 | F54: 11, 15 | H54: parametros | I54: 53 | J54: {=XLOOKUP(Vaga!$A54,MACROZONAS!B:B,MACROZONAS!A:A)} -> 4 | K54: {=XLOOKUP(Vaga!$B54,SETORES!B:B,SETORES!A:A)} -> 6
A55: AUAP | B55: SAR | C55: 50 | D55: 500 | F55: 11, 15 | H55: parametros | I55: 54 | J55: {=XLOOKUP(Vaga!$A55,MACROZONAS!B:B,MACROZONAS!A:A)} -> 1 | K55: {=XLOOKUP(Vaga!$B55,SETORES!B:B,SETORES!A:A)} -> 6
A56: AUAS | B56: SAR | C56: 50 | D56: 500 | F56: 11, 15 | H56: parametros | I56: 55 | J56: {=XLOOKUP(Vaga!$A56,MACROZONAS!B:B,MACROZONAS!A:A)} -> 2 | K56: {=XLOOKUP(Vaga!$B56,SETORES!B:B,SETORES!A:A)} -> 6
A57: AUPA | B57: SAR | F57: 11, 15 | I57: 56 | J57: {=XLOOKUP(Vaga!$A57,MACROZONAS!B:B,MACROZONAS!A:A)} -> 5 | K57: {=XLOOKUP(Vaga!$B57,SETORES!B:B,SETORES!A:A)} -> 6
A58: ARPA | B58: SE-01 | C58: 50 | D58: 500 | F58: 11, 15 | H58: parametros | I58: 57 | J58: {=XLOOKUP(Vaga!$A58,MACROZONAS!B:B,MACROZONAS!A:A)} -> 6 | K58: {=XLOOKUP(Vaga!$B58,SETORES!B:B,SETORES!A:A)} -> 7
A59: ARUC | B59: SE-01 | C59: 50 | D59: 500 | F59: 11, 15 | H59: parametros | I59: 58 | J59: {=XLOOKUP(Vaga!$A59,MACROZONAS!B:B,MACROZONAS!A:A)} -> 7 | K59: {=XLOOKUP(Vaga!$B59,SETORES!B:B,SETORES!A:A)} -> 7
A60: AUAC | B60: SE-01 | C60: 50 | D60: 500 | F60: 11, 15 | H60: parametros | I60: 59 | J60: {=XLOOKUP(Vaga!$A60,MACROZONAS!B:B,MACROZONAS!A:A)} -> 3 | K60: {=XLOOKUP(Vaga!$B60,SETORES!B:B,SETORES!A:A)} -> 7
A61: AUAE | B61: SE-01 | C61: 50 | D61: 500 | F61: 11, 15 | H61: parametros | I61: 60 | J61: {=XLOOKUP(Vaga!$A61,MACROZONAS!B:B,MACROZONAS!A:A)} -> 4 | K61: {=XLOOKUP(Vaga!$B61,SETORES!B:B,SETORES!A:A)} -> 7
A62: AUAP | B62: SE-01 | C62: 50 | D62: 500 | F62: 11, 15 | H62: parametros | I62: 61 | J62: {=XLOOKUP(Vaga!$A62,MACROZONAS!B:B,MACROZONAS!A:A)} -> 1 | K62: {=XLOOKUP(Vaga!$B62,SETORES!B:B,SETORES!A:A)} -> 7
A63: AUAS | B63: SE-01 | C63: 50 | D63: 500 | F63: 11, 15 | H63: parametros | I63: 62 | J63: {=XLOOKUP(Vaga!$A63,MACROZONAS!B:B,MACROZONAS!A:A)} -> 2 | K63: {=XLOOKUP(Vaga!$B63,SETORES!B:B,SETORES!A:A)} -> 7
A64: AUPA | B64: SE-01 | F64: 11, 15 | I64: 63 | J64: {=XLOOKUP(Vaga!$A64,MACROZONAS!B:B,MACROZONAS!A:A)} -> 5 | K64: {=XLOOKUP(Vaga!$B64,SETORES!B:B,SETORES!A:A)} -> 7
A65: ARPA | B65: SE-02 | C65: 50 | D65: 500 | F65: 11, 15 | H65: parametros | I65: 64 | J65: {=XLOOKUP(Vaga!$A65,MACROZONAS!B:B,MACROZONAS!A:A)} -> 6 | K65: {=XLOOKUP(Vaga!$B65,SETORES!B:B,SETORES!A:A)} -> 8
A66: ARUC | B66: SE-02 | C66: 50 | D66: 500 | F66: 11, 15 | H66: parametros | I66: 65 | J66: {=XLOOKUP(Vaga!$A66,MACROZONAS!B:B,MACROZONAS!A:A)} -> 7 | K66: {=XLOOKUP(Vaga!$B66,SETORES!B:B,SETORES!A:A)} -> 8
A67: AUAC | B67: SE-02 | C67: 50 | D67: 500 | F67: 11, 15 | H67: parametros | I67: 66 | J67: {=XLOOKUP(Vaga!$A67,MACROZONAS!B:B,MACROZONAS!A:A)} -> 3 | K67: {=XLOOKUP(Vaga!$B67,SETORES!B:B,SETORES!A:A)} -> 8
A68: AUAE | B68: SE-02 | C68: 50 | D68: 500 | F68: 11, 15 | H68: parametros | I68: 67 | J68: {=XLOOKUP(Vaga!$A68,MACROZONAS!B:B,MACROZONAS!A:A)} -> 4 | K68: {=XLOOKUP(Vaga!$B68,SETORES!B:B,SETORES!A:A)} -> 8
A69: AUAP | B69: SE-02 | C69: 50 | D69: 500 | F69: 11, 15 | H69: parametros | I69: 68 | J69: {=XLOOKUP(Vaga!$A69,MACROZONAS!B:B,MACROZONAS!A:A)} -> 1 | K69: {=XLOOKUP(Vaga!$B69,SETORES!B:B,SETORES!A:A)} -> 8
A70: AUAS | B70: SE-02 | C70: 50 | D70: 500 | F70: 11, 15 | H70: parametros | I70: 69 | J70: {=XLOOKUP(Vaga!$A70,MACROZONAS!B:B,MACROZONAS!A:A)} -> 2 | K70: {=XLOOKUP(Vaga!$B70,SETORES!B:B,SETORES!A:A)} -> 8
A71: AUPA | B71: SE-02 | F71: 11, 15 | I71: 70 | J71: {=XLOOKUP(Vaga!$A71,MACROZONAS!B:B,MACROZONAS!A:A)} -> 5 | K71: {=XLOOKUP(Vaga!$B71,SETORES!B:B,SETORES!A:A)} -> 8
A72: ARPA | B72: SE-03 | C72: 50 | D72: 500 | F72: 11, 15 | H72: parametros | I72: 71 | J72: {=XLOOKUP(Vaga!$A72,MACROZONAS!B:B,MACROZONAS!A:A)} -> 6 | K72: {=XLOOKUP(Vaga!$B72,SETORES!B:B,SETORES!A:A)} -> 9
A73: ARUC | B73: SE-03 | C73: 50 | D73: 500 | F73: 11, 15 | H73: parametros | I73: 72 | J73: {=XLOOKUP(Vaga!$A73,MACROZONAS!B:B,MACROZONAS!A:A)} -> 7 | K73: {=XLOOKUP(Vaga!$B73,SETORES!B:B,SETORES!A:A)} -> 9
A74: AUAC | B74: SE-03 | C74: 50 | D74: 500 | F74: 11, 15 | H74: parametros | I74: 73 | J74: {=XLOOKUP(Vaga!$A74,MACROZONAS!B:B,MACROZONAS!A:A)} -> 3 | K74: {=XLOOKUP(Vaga!$B74,SETORES!B:B,SETORES!A:A)} -> 9
A75: AUAE | B75: SE-03 | C75: 50 | D75: 500 | F75: 11, 15 | H75: parametros | I75: 74 | J75: {=XLOOKUP(Vaga!$A75,MACROZONAS!B:B,MACROZONAS!A:A)} -> 4 | K75: {=XLOOKUP(Vaga!$B75,SETORES!B:B,SETORES!A:A)} -> 9
A76: AUAP | B76: SE-03 | C76: 50 | D76: 500 | F76: 11, 15 | H76: parametros | I76: 75 | J76: {=XLOOKUP(Vaga!$A76,MACROZONAS!B:B,MACROZONAS!A:A)} -> 1 | K76: {=XLOOKUP(Vaga!$B76,SETORES!B:B,SETORES!A:A)} -> 9
A77: AUAS | B77: SE-03 | C77: 50 | D77: 500 | F77: 11, 15 | H77: parametros | I77: 76 | J77: {=XLOOKUP(Vaga!$A77,MACROZONAS!B:B,MACROZONAS!A:A)} -> 2 | K77: {=XLOOKUP(Vaga!$B77,SETORES!B:B,SETORES!A:A)} -> 9
A78: AUPA | B78: SE-03 | F78: 11, 15 | I78: 77 | J78: {=XLOOKUP(Vaga!$A78,MACROZONAS!B:B,MACROZONAS!A:A)} -> 5 | K78: {=XLOOKUP(Vaga!$B78,SETORES!B:B,SETORES!A:A)} -> 9
A79: ARPA | B79: SE-04 | C79: 50 | D79: 500 | F79: 11, 15 | H79: parametros | I79: 78 | J79: {=XLOOKUP(Vaga!$A79,MACROZONAS!B:B,MACROZONAS!A:A)} -> 6 | K79: {=XLOOKUP(Vaga!$B79,SETORES!B:B,SETORES!A:A)} -> 10
A80: ARUC | B80: SE-04 | C80: 50 | D80: 500 | F80: 11, 15 | H80: parametros | I80: 79 | J80: {=XLOOKUP(Vaga!$A80,MACROZONAS!B:B,MACROZONAS!A:A)} -> 7 | K80: {=XLOOKUP(Vaga!$B80,SETORES!B:B,SETORES!A:A)} -> 10
A81: AUAC | B81: SE-04 | C81: 50 | D81: 500 | F81: 11, 15 | H81: parametros | I81: 80 | J81: {=XLOOKUP(Vaga!$A81,MACROZONAS!B:B,MACROZONAS!A:A)} -> 3 | K81: {=XLOOKUP(Vaga!$B81,SETORES!B:B,SETORES!A:A)} -> 10
A82: AUAE | B82: SE-04 | C82: 50 | D82: 500 | F82: 11, 15 | H82: parametros | I82: 81 | J82: {=XLOOKUP(Vaga!$A82,MACROZONAS!B:B,MACROZONAS!A:A)} -> 4 | K82: {=XLOOKUP(Vaga!$B82,SETORES!B:B,SETORES!A:A)} -> 10
A83: AUAP | B83: SE-04 | C83: 50 | D83: 500 | F83: 11, 15 | H83: parametros | I83: 82 | J83: {=XLOOKUP(Vaga!$A83,MACROZONAS!B:B,MACROZONAS!A:A)} -> 1 | K83: {=XLOOKUP(Vaga!$B83,SETORES!B:B,SETORES!A:A)} -> 10
A84: AUAS | B84: SE-04 | C84: 50 | D84: 500 | F84: 11, 15 | H84: parametros | I84: 83 | J84: {=XLOOKUP(Vaga!$A84,MACROZONAS!B:B,MACROZONAS!A:A)} -> 2 | K84: {=XLOOKUP(Vaga!$B84,SETORES!B:B,SETORES!A:A)} -> 10
A85: AUPA | B85: SE-04 | F85: 11, 15 | I85: 84 | J85: {=XLOOKUP(Vaga!$A85,MACROZONAS!B:B,MACROZONAS!A:A)} -> 5 | K85: {=XLOOKUP(Vaga!$B85,SETORES!B:B,SETORES!A:A)} -> 10
A86: ARPA | B86: SE-05 | C86: 50 | D86: 500 | F86: 11, 15 | H86: parametros | I86: 85 | J86: {=XLOOKUP(Vaga!$A86,MACROZONAS!B:B,MACROZONAS!A:A)} -> 6 | K86: {=XLOOKUP(Vaga!$B86,SETORES!B:B,SETORES!A:A)} -> 11
A87: ARUC | B87: SE-05 | C87: 50 | D87: 500 | F87: 11, 15 | H87: parametros | I87: 86 | J87: {=XLOOKUP(Vaga!$A87,MACROZONAS!B:B,MACROZONAS!A:A)} -> 7 | K87: {=XLOOKUP(Vaga!$B87,SETORES!B:B,SETORES!A:A)} -> 11
A88: AUAC | B88: SE-05 | C88: 50 | D88: 500 | F88: 11, 15 | H88: parametros | I88: 87 | J88: {=XLOOKUP(Vaga!$A88,MACROZONAS!B:B,MACROZONAS!A:A)} -> 3 | K88: {=XLOOKUP(Vaga!$B88,SETORES!B:B,SETORES!A:A)} -> 11
A89: AUAE | B89: SE-05 | C89: 50 | D89: 500 | F89: 11, 15 | H89: parametros | I89: 88 | J89: {=XLOOKUP(Vaga!$A89,MACROZONAS!B:B,MACROZONAS!A:A)} -> 4 | K89: {=XLOOKUP(Vaga!$B89,SETORES!B:B,SETORES!A:A)} -> 11
A90: AUAP | B90: SE-05 | C90: 50 | D90: 500 | F90: 11, 15 | H90: parametros | I90: 89 | J90: {=XLOOKUP(Vaga!$A90,MACROZONAS!B:B,MACROZONAS!A:A)} -> 1 | K90: {=XLOOKUP(Vaga!$B90,SETORES!B:B,SETORES!A:A)} -> 11
A91: AUAS | B91: SE-05 | C91: 50 | D91: 500 | F91: 11, 15 | H91: parametros | I91: 90 | J91: {=XLOOKUP(Vaga!$A91,MACROZONAS!B:B,MACROZONAS!A:A)} -> 2 | K91: {=XLOOKUP(Vaga!$B91,SETORES!B:B,SETORES!A:A)} -> 11
A92: AUPA | B92: SE-05 | F92: 11, 15 | I92: 91 | J92: {=XLOOKUP(Vaga!$A92,MACROZONAS!B:B,MACROZONAS!A:A)} -> 5 | K92: {=XLOOKUP(Vaga!$B92,SETORES!B:B,SETORES!A:A)} -> 11
A93: ARPA | B93: SE-06 | C93: 50 | D93: 500 | F93: 11, 15 | H93: parametros | I93: 92 | J93: {=XLOOKUP(Vaga!$A93,MACROZONAS!B:B,MACROZONAS!A:A)} -> 6 | K93: {=XLOOKUP(Vaga!$B93,SETORES!B:B,SETORES!A:A)} -> 12
A94: ARUC | B94: SE-06 | C94: 50 | D94: 500 | F94: 11, 15 | H94: parametros | I94: 93 | J94: {=XLOOKUP(Vaga!$A94,MACROZONAS!B:B,MACROZONAS!A:A)} -> 7 | K94: {=XLOOKUP(Vaga!$B94,SETORES!B:B,SETORES!A:A)} -> 12
A95: AUAC | B95: SE-06 | C95: 50 | D95: 500 | F95: 11, 15 | H95: parametros | I95: 94 | J95: {=XLOOKUP(Vaga!$A95,MACROZONAS!B:B,MACROZONAS!A:A)} -> 3 | K95: {=XLOOKUP(Vaga!$B95,SETORES!B:B,SETORES!A:A)} -> 12
A96: AUAE | B96: SE-06 | C96: 50 | D96: 500 | F96: 11, 15 | H96: parametros | I96: 95 | J96: {=XLOOKUP(Vaga!$A96,MACROZONAS!B:B,MACROZONAS!A:A)} -> 4 | K96: {=XLOOKUP(Vaga!$B96,SETORES!B:B,SETORES!A:A)} -> 12
A97: AUAP | B97: SE-06 | C97: 50 | D97: 500 | F97: 11, 15 | H97: parametros | I97: 96 | J97: {=XLOOKUP(Vaga!$A97,MACROZONAS!B:B,MACROZONAS!A:A)} -> 1 | K97: {=XLOOKUP(Vaga!$B97,SETORES!B:B,SETORES!A:A)} -> 12
A98: AUAS | B98: SE-06 | C98: 50 | D98: 500 | F98: 11, 15 | H98: parametros | I98: 97 | J98: {=XLOOKUP(Vaga!$A98,MACROZONAS!B:B,MACROZONAS!A:A)} -> 2 | K98: {=XLOOKUP(Vaga!$B98,SETORES!B:B,SETORES!A:A)} -> 12
A99: AUPA | B99: SE-06 | F99: 11, 15 | I99: 98 | J99: {=XLOOKUP(Vaga!$A99,MACROZONAS!B:B,MACROZONAS!A:A)} -> 5 | K99: {=XLOOKUP(Vaga!$B99,SETORES!B:B,SETORES!A:A)} -> 12
A100: ARPA | B100: SE-07 | C100: 50 | D100: 500 | F100: 11, 15 | H100: parametros | I100: 99 | J100: {=XLOOKUP(Vaga!$A100,MACROZONAS!B:B,MACROZONAS!A:A)} -> 6 | K100: {=XLOOKUP(Vaga!$B100,SETORES!B:B,SETORES!A:A)} -> 13
...

Sheet EMBASAMENTO
A1: macrozona | B1: setor | C1: EMBASAMENTO | D1: obs_setor | E1: obs_coef | F1: obs_geral | G1: embasamento_id | H1: embasamento_macrozona_id | I1: embasamento_setor_id
A2: AUAP | B2: SA-01 | C2: 70 | E2: 12 | G2: 1 | H2: {=XLOOKUP(EMBASAMENTO!$A2,MACROZONAS!B:B,MACROZONAS!A:A)} -> 1 | I2: {=XLOOKUP(EMBASAMENTO!$B2,SETORES!B:B,SETORES!A:A)} -> 1
A3: AUAP | B3: SA-02 | C3: 70 | E3: 12 | G3: 2 | H3: {=XLOOKUP(EMBASAMENTO!$A3,MACROZONAS!B:B,MACROZONAS!A:A)} -> 1 | I3: {=XLOOKUP(EMBASAMENTO!$B3,SETORES!B:B,SETORES!A:A)} -> 2
A4: AUAP | B4: SA-03 | C4: 70 | E4: 12 | G4: 3 | H4: {=XLOOKUP(EMBASAMENTO!$A4,MACROZONAS!B:B,MACROZONAS!A:A)} -> 1 | I4: {=XLOOKUP(EMBASAMENTO!$B4,SETORES!B:B,SETORES!A:A)} -> 3
A5: AUAP | B5: SA-04 | C5: 70 | E5: 12 | G5: 4 | H5: {=XLOOKUP(EMBASAMENTO!$A5,MACROZONAS!B:B,MACROZONAS!A:A)} -> 1 | I5: {=XLOOKUP(EMBASAMENTO!$B5,SETORES!B:B,SETORES!A:A)} -> 4
A6: AUAP | B6: SA-05 | C6: 70 | E6: 12 | G6: 5 | H6: {=XLOOKUP(EMBASAMENTO!$A6,MACROZONAS!B:B,MACROZONAS!A:A)} -> 1 | I6: {=XLOOKUP(EMBASAMENTO!$B6,SETORES!B:B,SETORES!A:A)} -> 5
A7: AUAP | B7: SAR | C7: 70 | E7: 12 | G7: 6 | H7: {=XLOOKUP(EMBASAMENTO!$A7,MACROZONAS!B:B,MACROZONAS!A:A)} -> 1 | I7: {=XLOOKUP(EMBASAMENTO!$B7,SETORES!B:B,SETORES!A:A)} -> 6
A8: AUAP | B8: SE-01 | C8: 70 | E8: 12 | G8: 7 | H8: {=XLOOKUP(EMBASAMENTO!$A8,MACROZONAS!B:B,MACROZONAS!A:A)} -> 1 | I8: {=XLOOKUP(EMBASAMENTO!$B8,SETORES!B:B,SETORES!A:A)} -> 7
A9: AUAP | B9: SE-02 | C9: 70 | E9: 12 | G9: 8 | H9: {=XLOOKUP(EMBASAMENTO!$A9,MACROZONAS!B:B,MACROZONAS!A:A)} -> 1 | I9: {=XLOOKUP(EMBASAMENTO!$B9,SETORES!B:B,SETORES!A:A)} -> 8
A10: AUAP | B10: SE-03 | C10: 70 | E10: 12 | G10: 9 | H10: {=XLOOKUP(EMBASAMENTO!$A10,MACROZONAS!B:B,MACROZONAS!A:A)} -> 1 | I10: {=XLOOKUP(EMBASAMENTO!$B10,SETORES!B:B,SETORES!A:A)} -> 9
A11: AUAP | B11: SE-04 | C11: 70 | E11: 12 | G11: 10 | H11: {=XLOOKUP(EMBASAMENTO!$A11,MACROZONAS!B:B,MACROZONAS!A:A)} -> 1 | I11: {=XLOOKUP(EMBASAMENTO!$B11,SETORES!B:B,SETORES!A:A)} -> 10
A12: AUAP | B12: SE-05 | C12: 70 | E12: 12 | G12: 11 | H12: {=XLOOKUP(EMBASAMENTO!$A12,MACROZONAS!B:B,MACROZONAS!A:A)} -> 1 | I12: {=XLOOKUP(EMBASAMENTO!$B12,SETORES!B:B,SETORES!A:A)} -> 11
A13: AUAP | B13: SE-06 | C13: 70 | E13: 12 | G13: 12 | H13: {=XLOOKUP(EMBASAMENTO!$A13,MACROZONAS!B:B,MACROZONAS!A:A)} -> 1 | I13: {=XLOOKUP(EMBASAMENTO!$B13,SETORES!B:B,SETORES!A:A)} -> 12
... A18: AUAP | B18: FR | C18: 70 | E18: 12 | G18: 17 | H18: {=XLOOKUP(EMBASAMENTO!$A18,MACROZONAS!B:B,MACROZONAS!A:A)} -> 1 | I18: {=XLOOKUP(EMBASAMENTO!$B18,SETORES!B:B,SETORES!A:A)} -> 17

Sheet USOS
A1: tipo | B1: subtipo | C1: porte | D1: cnae | E1: obs | F1: obs_tabela | G1: usos_id | H1: Coluna1
A2: RESIDENCIAL | B2: Unifamiliar | C2: n/a | F2: usos_baixo | G2: 1 | H2: =USOS!$A2&" - "&USOS!$B2&" - "&USOS!$C2 -> RESIDENCIAL - Unifamiliar - n/a
A3: RESIDENCIAL | B3: Multifamiliar | C3: n/a | F3: usos_baixo | G3: 2 | H3: =USOS!$A3&" - "&USOS!$B3&" - "&USOS!$C3 -> RESIDENCIAL - Multifamiliar - n/a
A4: COMERCIAL | B4: Varejista | C4: Pequeno | D4: 45, 47 | F4: usos_baixo | G4: 3 | H4: =USOS!$A4&" - "&USOS!$B4&" - "&USOS!$C4 -> COMERCIAL - Varejista - Pequeno
A5: COMERCIAL | B5: Varejista | C5: Médio | D5: 45, 47 | F5: usos_baixo | G5: 4 | H5: =USOS!$A5&" - "&USOS!$B5&" - "&USOS!$C5 -> COMERCIAL - Varejista - Médio
A6: COMERCIAL | B6: Varejista | C6: Grande | D6: 45, 47 | F6: usos_baixo | G6: 5 | H6: =USOS!$A6&" - "&USOS!$B6&" - "&USOS!$C6 -> COMERCIAL - Varejista - Grande
A7: COMERCIAL | B7: Atacadista | C7: Pequeno | D7: 45, 46 | F7: usos_baixo | G7: 6 | H7: =USOS!$A7&" - "&USOS!$B7&" - "&USOS!$C7 -> COMERCIAL - Atacadista - Pequeno
A8: COMERCIAL | B8: Atacadista | C8: Médio | D8: 45, 46 | F8: usos_baixo | G8: 7 | H8: =USOS!$A8&" - "&USOS!$B8&" - "&USOS!$C8 -> COMERCIAL - Atacadista - Médio
A9: COMERCIAL | B9: Atacadista | C9: Grande | D9: 45, 46 | F9: usos_baixo | G9: 8 | H9: =USOS!$A9&" - "&USOS!$B9&" - "&USOS!$C9 -> COMERCIAL - Atacadista - Grande
A10: SERVIÇO | B10: Atividades de Transporte, Armazenagem e Correio (3) (4) | C10: Pequeno | D10: 49, 50, 51, 52, 53 | F10: usos_baixo | G10: 9 | H10: =USOS!$A10&" - "&USOS!$B10&" - "&USOS!$C10 -> SERVIÇO - Atividades de Transporte, Armazenagem e Correio (3) (4) - Pequeno
A11: SERVIÇO | B11: Atividades de Transporte, Armazenagem e Correio (3) (4) | C11: Médio | D11: 49, 50, 51, 52, 53 | F11: usos_baixo | G11: 10 | H11: =USOS!$A11&" - "&USOS!$B11&" - "&USOS!$C11 -> SERVIÇO - Atividades de Transporte, Armazenagem e Correio (3) (4) - Médio
A12: SERVIÇO | B12: Atividades de Transporte, Armazenagem e Correio (3) (4) | C12: Grande | D12: 49, 50, 51, 52, 53 | F12: usos_baixo | G12: 11 | H12: =USOS!$A12&" - "&USOS!$B12&" - "&USOS!$C12 -> SERVIÇO - Atividades de Transporte, Armazenagem e Correio (3) (4) - Grande
A13: SERVIÇO | B13: Atividades de Alojamento e Alimentação | C13: Pequeno | D13: 55, 56 | F13: usos_baixo | G13: 12 | H13: =USOS!$A13&" - "&USOS!$B13&" - "&USOS!$C13 -> SERVIÇO - Atividades de Alojamento e Alimentação - Pequeno
A14: SERVIÇO | B14: Atividades de Alojamento e Alimentação | C14: Médio | D14: 55, 57 | F14: usos_baixo | G14: 13 | H14: =USOS!$A14&" - "&USOS!$B14&" - "&USOS!$C14 -> SERVIÇO - Atividades de Alojamento e Alimentação - Médio
A15: SERVIÇO | B15: Atividades de Alojamento e Alimentação | C15: Grande | D15: 55, 58 | F15: usos_baixo | G15: 14 | H15: =USOS!$A15&" - "&USOS!$B15&" - "&USOS!$C15 -> SERVIÇO - Atividades de Alojamento e Alimentação - Grande
A16: SERVIÇO | B16: Atividades de Informação e Comunicação | C16: Pequeno | D16: 58, 59, 60, 61, 62, 63 | E16: 6 | F16: usos_baixo | G16: 15 | H16: =USOS!$A16&" - "&USOS!$B16&" - "&USOS!$C16 -> SERVIÇO - Atividades de Informação e Comunicação - Pequeno
A17: SERVIÇO | B17: Atividades de Informação e Comunicação | C17: Médio | D17: 58, 59, 60, 61, 62, 63 | E17: 6 | F17: usos_baixo | G17: 16 | H17: =USOS!$A17&" - "&USOS!$B17&" - "&USOS!$C17 -> SERVIÇO - Atividades de Informação e Comunicação - Médio
A18: SERVIÇO | B18: Atividades de Informação e Comunicação | C18: Grande | D18: 58, 59, 60, 61, 62, 63 | E18: 6 | F18: usos_baixo | G18: 17 | H18: =USOS!$A18&" - "&USOS!$B18&" - "&USOS!$C18 -> SERVIÇO - Atividades de Informação e Comunicação - Grande
A19: SERVIÇO | B19: Atividades Financeiras, de Seguros e Serviços Relacionados | C19: Pequeno | D19: 64, 65, 66 | F19: usos_baixo | G19: 18 | H19: =USOS!$A19&" - "&USOS!$B19&" - "&USOS!$C19 -> SERVIÇO - Atividades Financeiras, de Seguros e Serviços Relacionados - Pequeno
A20: SERVIÇO | B20: Atividades Financeiras, de Seguros e Serviços Relacionados | C20: Médio | D20: 64, 65, 66 | F20: usos_baixo | G20: 19 | H20: =USOS!$A20&" - "&USOS!$B20&" - "&USOS!$C20 -> SERVIÇO - Atividades Financeiras, de Seguros e Serviços Relacionados - Médio
A21: SERVIÇO | B21: Atividades Financeiras, de Seguros e Serviços Relacionados | C21: Grande | D21: 64, 65, 66 | F21: usos_baixo | G21: 20 | H21: =USOS!$A21&" - "&USOS!$B21&" - "&USOS!$C21 -> SERVIÇO - Atividades Financeiras, de Seguros e Serviços Relacionados - Grande
A22: SERVIÇO | B22: Atividades Imobiliárias | C22: Pequeno | D22: 68 | F22: usos_baixo | G22: 21 | H22: =USOS!$A22&" - "&USOS!$B22&" - "&USOS!$C22 -> SERVIÇO - Atividades Imobiliárias - Pequeno
A23: SERVIÇO | B23: Atividades Imobiliárias | C23: Médio | D23: 68 | F23: usos_baixo | G23: 22 | H23: =USOS!$A23&" - "&USOS!$B23&" - "&USOS!$C23 -> SERVIÇO - Atividades Imobiliárias - Médio
A24: SERVIÇO | B24: Atividades Imobiliárias | C24: Grande | D24: 68 | F24: usos_baixo | G24: 23 | H24: =USOS!$A24&" - "&USOS!$B24&" - "&USOS!$C24 -> SERVIÇO - Atividades Imobiliárias - Grande
A25: SERVIÇO | B25: Atividades Profissionais Científicas e Técnicas. | C25: Pequeno | D25: 69, 70, 71, 72, 73, 74, 75 | F25: usos_baixo | G25: 24 | H25: =USOS!$A25&" - "&USOS!$B25&" - "&USOS!$C25 -> SERVIÇO - Atividades Profissionais Científicas e Técnicas. - Pequeno
A26: SERVIÇO | B26: Atividades Profissionais Científicas e Técnicas. | C26: Médio | D26: 69, 70, 71, 72, 73, 74, 75 | F26: usos_baixo | G26: 25 | H26: =USOS!$A26&" - "&USOS!$B26&" - "&USOS!$C26 -> SERVIÇO - Atividades Profissionais Científicas e Técnicas. - Médio
A27: SERVIÇO | B27: Atividades Profissionais Científicas e Técnicas. | C27: Grande | D27: 69, 70, 71, 72, 73, 74, 75 | F27: usos_baixo | G27: 26 | H27: =USOS!$A27&" - "&USOS!$B27&" - "&USOS!$C27 -> SERVIÇO - Atividades Profissionais Científicas e Técnicas. - Grande
A28: SERVIÇO | B28: Atividades Administrativas(inclusive segurança e educação) e Serviços Complementares | C28: Pequeno | D28: 77, 78, 79, 80, 81, 82, 83, 84, 85 | F28: usos_baixo | G28: 27 | H28: =USOS!$A28&" - "&USOS!$B28&" - "&USOS!$C28 -> SERVIÇO - Atividades Administrativas(inclusive segurança e educação) e Serviços Complementares - Pequeno
A29: SERVIÇO | B29: Atividades Administrativas(inclusive segurança e educação) e Serviços Complementares | C29: Médio | D29: 77, 78, 79, 80, 81, 82, 83, 84, 85 | F29: usos_baixo | G29: 28 | H29: =USOS!$A29&" - "&USOS!$B29&" - "&USOS!$C29 -> SERVIÇO - Atividades Administrativas(inclusive segurança e educação) e Serviços Complementares - Médio
A30: SERVIÇO | B30: Atividades Administrativas(inclusive segurança e educação) e Serviços Complementares | C30: Grande | D30: 77, 78, 79, 80, 81, 82, 83, 84, 85 | F30: usos_baixo | G30: 29 | H30: =USOS!$A30&" - "&USOS!$B30&" - "&USOS!$C30 -> SERVIÇO - Atividades Administrativas(inclusive segurança e educação) e Serviços Complementares - Grande
A31: SERVIÇO | B31: Atividades deSaúde e Serviços Sociais | C31: Pequeno | D31: 86, 87, 88 | F31: usos_baixo | G31: 30 | H31: =USOS!$A31&" - "&USOS!$B31&" - "&USOS!$C31 -> SERVIÇO - Atividades deSaúde e Serviços Sociais - Pequeno
A32: SERVIÇO | B32: Atividades deSaúde e Serviços Sociais | C32: Médio | D32: 86, 87, 88 | F32: usos_baixo | G32: 31 | H32: =USOS!$A32&" - "&USOS!$B32&" - "&USOS!$C32 -> SERVIÇO - Atividades deSaúde e Serviços Sociais - Médio
A33: SERVIÇO | B33: Atividades deSaúde e Serviços Sociais | C33: Grande | D33: 86, 87, 88 | F33: usos_baixo | G33: 32 | H33: =USOS!$A33&" - "&USOS!$B33&" - "&USOS!$C33 -> SERVIÇO - Atividades deSaúde e Serviços Sociais - Grande
A34: SERVIÇO | B34: Atividades de Artes, Cultura, Esporte e Recreação | C34: Pequeno | D34: 90, 91, 92, 93 | F34: usos_baixo | G34: 33 | H34: =USOS!$A34&" - "&USOS!$B34&" - "&USOS!$C34 -> SERVIÇO - Atividades de Artes, Cultura, Esporte e Recreação - Pequeno
A35: SERVIÇO | B35: Atividades de Artes, Cultura, Esporte e Recreação | C35: Médio | D35: 90, 91, 92, 93 | F35: usos_baixo | G35: 34 | H35: =USOS!$A35&" - "&USOS!$B35&" - "&USOS!$C35 -> SERVIÇO - Atividades de Artes, Cultura, Esporte e Recreação - Médio
A36: SERVIÇO | B36: Atividades de Artes, Cultura, Esporte e Recreação | C36: Grande | D36: 90, 91, 92, 93 | F36: usos_baixo | G36: 35 | H36: =USOS!$A36&" - "&USOS!$B36&" - "&USOS!$C36 -> SERVIÇO - Atividades de Artes, Cultura, Esporte e Recreação - Grande
... A42: SERVIÇO | B42: Construção Civil | C42: Grande | D42: 41, 42, 45 | F42: usos_baixo | G42: 41 | H42: =USOS!$A42&" - "&USOS!$B42&" - "&USOS!$C42 -> SERVIÇO - Construção Civil - Grande
A43: AGROSILVOPASTORIL | B43: Agricultura, Pecuária e Serviços Relacionados | C43: Todos | D43: 1 | G43: 44 | H43: =USOS!$A43&" - "&USOS!$B43&" - "&USOS!$C43 -> AGROSILVOPASTORIL - Agricultura, Pecuária e Serviços Relacionados - Todos
A44: AGROSILVOPASTORIL | B44: Produção Florestal | C44: Todos | D44: 2 | G44: 47 | H44: =USOS!$A44&" - "&USOS!$B44&" - "&USOS!$C44 -> AGROSILVOPASTORIL - Produção Florestal - Todos
A45: AGROSILVOPASTORIL | B45: Pesca e Aquicultura | C45: Todos | D45: 3 | G45: 50 | H45: =USOS!$A45&" - "&USOS!$B45&" - "&USOS!$C45 -> AGROSILVOPASTORIL - Pesca e Aquicultura - Todos
A46: INDÚSTRIA EXTRATIVISTA | B46: Extração de Carvão Mineral | C46: Todos | D46: 5 | G46: 52 | H46: =USOS!$A46&" - "&USOS!$B46&" - "&USOS!$C46 -> INDÚSTRIA EXTRATIVISTA - Extração de Carvão Mineral - Todos
A47: INDÚSTRIA EXTRATIVISTA | B47: Extração de Petróleo e Gás Natural | C47: Todos | D47: 6 | G47: 55 | H47: =USOS!$A47&" - "&USOS!$B47&" - "&USOS!$C47 -> INDÚSTRIA EXTRATIVISTA - Extração de Petróleo e Gás Natural - Todos
A48: INDÚSTRIA EXTRATIVISTA | B48: Extração de Minerais Metálicos | C48: Todos | D48: 7 | G48: 58 | H48: =USOS!$A48&" - "&USOS!$B48&" - "&USOS!$C48 -> INDÚSTRIA EXTRATIVISTA - Extração de Minerais Metálicos - Todos
A49: INDÚSTRIA EXTRATIVISTA | B49: Extração de Minerais Não Metálicos | C49: Todos | D49: 8 | G49: 61 | H49: =USOS!$A49&" - "&USOS!$B49&" - "&USOS!$C49 -> INDÚSTRIA EXTRATIVISTA - Extração de Minerais Não Metálicos - Todos
A50: INDÚSTRIA EXTRATIVISTA | B50: Atividades de Apoio à Extração de Minerais | C50: Todos | D50: 9 | G50: 64 | H50: =USOS!$A50&" - "&USOS!$B50&" - "&USOS!$C50 -> INDÚSTRIA EXTRATIVISTA - Atividades de Apoio à Extração de Minerais - Todos
A51: INDÚSTRIA DE TRANSFORMAÇÃO | B51: Fabricação de Produtos Alimentícios | C51: todos | D51: 10 | G51: 66 | H51: =USOS!$A51&" - "&USOS!$B51&" - "&USOS!$C51 -> INDÚSTRIA DE TRANSFORMAÇÃO - Fabricação de Produtos Alimentícios - todos
A52: INDÚSTRIA DE TRANSFORMAÇÃO | B52: Fabricação de Bebidas | C52: todos | D52: 11 | G52: 67 | H52: =USOS!$A52&" - "&USOS!$B52&" - "&USOS!$C52 -> INDÚSTRIA DE TRANSFORMAÇÃO - Fabricação de Bebidas - todos
A53: INDÚSTRIA DE TRANSFORMAÇÃO | B53: Fabricação de Produtos de Fumo | C53: todos | D53: 12 | G53: 68 | H53: =USOS!$A53&" - "&USOS!$B53&" - "&USOS!$C53 -> INDÚSTRIA DE TRANSFORMAÇÃO - Fabricação de Produtos de Fumo - todos
A54: INDÚSTRIA DE TRANSFORMAÇÃO | B54: Fabricação de Produtos Têxteis | C54: todos | D54: 13 | G54: 69 | H54: =USOS!$A54&" - "&USOS!$B54&" - "&USOS!$C54 -> INDÚSTRIA DE TRANSFORMAÇÃO - Fabricação de Produtos Têxteis - todos
... A63: INDÚSTRIA DE TRANSFORMAÇÃO | B63: Fabricação de Produtos de Borracha e de Material Plástico | C63: todos | D63: 22 | G63: 78 | H63: =USOS!$A63&" - "&USOS!$B63&" - "&USOS!$C63 -> INDÚSTRIA DE TRANSFORMAÇÃO - Fabricação de Produtos de Borracha e de Material Plástico - todos
A64: INDÚSTRIA DE TRANSFORMAÇÃO | B64: Fabricação de Produtos de Minerais não metalicos | C64: todos | D64: 23 | E64: 1 | F64: usos_alto | G64: 79 | H64: =USOS!$A64&" - "&USOS!$B64&" - "&USOS!$C64 -> INDÚSTRIA DE TRANSFORMAÇÃO - Fabricação de Produtos de Minerais não metalicos - todos
A65: INDÚSTRIA DE TRANSFORMAÇÃO | B65: Metalurgia | C65: todos | D65: 24 | G65: 80 | H65: =USOS!$A65&" - "&USOS!$B65&" - "&USOS!$C65 -> INDÚSTRIA DE TRANSFORMAÇÃO - Metalurgia - todos
A66: INDÚSTRIA DE TRANSFORMAÇÃO | B66: Fabricação de Produtos de Metal, exceto Máquinas e Equipamentos. | C66: todos | D66: 25 | G66: 81 | H66: =USOS!$A66&" - "&USOS!$B66&" - "&USOS!$C66 -> INDÚSTRIA DE TRANSFORMAÇÃO - Fabricação de Produtos de Metal, exceto Máquinas e Equipamentos. - todos
A67: INDÚSTRIA DE TRANSFORMAÇÃO | B67: Fabricação de equipamentos de Informática, Produtos Eletrônicos e Ópticos. | C67: todos | D67: 26 | G67: 82 | H67: =USOS!$A67&" - "&USOS!$B67&" - "&USOS!$C67 -> INDÚSTRIA DE TRANSFORMAÇÃO - Fabricação de equipamentos de Informática, Produtos Eletrônicos e Ópticos. - todos
A68: INDÚSTRIA DE TRANSFORMAÇÃO | B68: Fabricação de máquinas, Aparelhos e materiais Elétricos. | C68: todos | D68: 27 | G68: 83 | H68: =USOS!$A68&" - "&USOS!$B68&" - "&USOS!$C68 -> INDÚSTRIA DE TRANSFORMAÇÃO - Fabricação de máquinas, Aparelhos e materiais Elétricos. - todos
A69: INDÚSTRIA DE TRANSFORMAÇÃO | B69: Fabricação de máquinas, Aparelhos e materiais Elétricos. | C69: todos | D69: 28 | G69: 84 | H69: =USOS!$A69&" - "&USOS!$B69&" - "&USOS!$C69 -> INDÚSTRIA DE TRANSFORMAÇÃO - Fabricação de máquinas, Aparelhos e materiais Elétricos. - todos
A70: INDÚSTRIA DE TRANSFORMAÇÃO | B70: Fabricação de Veículos Automotores, Reboques e Carrocerias. | C70: todos | D70: 29 | G70: 85 | H70: =USOS!$A70&" - "&USOS!$B70&" - "&USOS!$C70 -> INDÚSTRIA DE TRANSFORMAÇÃO - Fabricação de Veículos Automotores, Reboques e Carrocerias. - todos
A71: INDÚSTRIA DE TRANSFORMAÇÃO | B71: Fabricação de outros Equipamentos de Transportes, exceto Veículos Automotores. | C71: todos | D71: 30 | G71: 86 | H71: =USOS!$A71&" - "&USOS!$B71&" - "&USOS!$C71 -> INDÚSTRIA DE TRANSFORMAÇÃO - Fabricação de outros Equipamentos de Transportes, exceto Veículos Automotores. - todos
A72: INDÚSTRIA DE TRANSFORMAÇÃO | B72: Fabricação de móveis | C72: todos | D72: 31 | G72: 87 | H72: =USOS!$A72&" - "&USOS!$B72&" - "&USOS!$C72 -> INDÚSTRIA DE TRANSFORMAÇÃO - Fabricação de móveis - todos
A73: INDÚSTRIA DE TRANSFORMAÇÃO | B73: Fabricação de Produtos Diversos | C73: todos | D73: 32 | G73: 88 | H73: =USOS!$A73&" - "&USOS!$B73&" - "&USOS!$C73 -> INDÚSTRIA DE TRANSFORMAÇÃO - Fabricação de Produtos Diversos - todos
A74: INDÚSTRIA DE TRANSFORMAÇÃO | B74: Manutenção, Reparação e Instalação de Máquinas e Equipamentos. | C74: todos | D74: 33 | G74: 89 | H74: =USOS!$A74&" - "&USOS!$B74&" - "&USOS!$C74 -> INDÚSTRIA DE TRANSFORMAÇÃO - Manutenção, Reparação e Instalação de Máquinas e Equipamentos. - todos
A75: INFRAESTRUTURA | B75: Geração, Transmissão e Distribuição de Energia | C75: todos | D75: 35 | G75: =G74+1 -> 90 | H75: =USOS!$A75&" - "&USOS!$B75&" - "&USOS!$C75 -> INFRAESTRUTURA - Geração, Transmissão e Distribuição de Energia - todos
A76: INFRAESTRUTURA | B76: Captação, Tratamento e Distribuição de Água | C76: todos | D76: 36 | G76: =G75+1 -> 91 | H76: =USOS!$A76&" - "&USOS!$B76&" - "&USOS!$C76 -> INFRAESTRUTURA - Captação, Tratamento e Distribuição de Água - todos
A77: INFRAESTRUTURA | B77: Coleta, Tratamento e Disposição de Resíduos Líquidos | C77: todos | D77: 37 | G77: =G76+1 -> 92 | H77: =USOS!$A77&" - "&USOS!$B77&" - "&USOS!$C77 -> INFRAESTRUTURA - Coleta, Tratamento e Disposição de Resíduos Líquidos - todos
A78: INFRAESTRUTURA | B78: Coleta, Tratamento e Disposição de Resíduos Sólidos | C78: todos | D78: 38 | G78: =G77+1 -> 93 | H78: =USOS!$A78&" - "&USOS!$B78&" - "&USOS!$C78 -> INFRAESTRUTURA - Coleta, Tratamento e Disposição de Resíduos Sólidos - todos
A79: INFRAESTRUTURA | B79: Descontaminação e Outros Serviços de Gestão de Resíduos | C79: todos | D79: 39 | G79: =G78+1 -> 94 | H79: =USOS!$A79&" - "&USOS!$B79&" - "&USOS!$C79 -> INFRAESTRUTURA - Descontaminação e Outros Serviços de Gestão de Resíduos - todos

Sheet USO_ZONA
A1: macrozona | B1: usoZona_usoId | C1: uso | D1: permissão | E1: obs | F1: usoZona_id | G1: usoZona_macrozona_id | H1: usoZona_usos_id | O1: permitido
A2: AUAP | B2: 1 | C2: RESIDENCIAL - Unifamiliar - n/a | D2: permitido | E2: Permitido, exceto nas Faixas Rodoviárias (FR) e nos Setores Especiais de Interesse Industrial (SE-06), porém permitido no Setor Especial (SE-06A) | F2: 1 | G2: {=XLOOKUP(USO_ZONA!$A2,MACROZONAS!B:B,MACROZONAS!A:A)} -> 1 | H2: {=XLOOKUP(USO_ZONA!$C2,USOS!H:H,USOS!G:G)} -> 1 | O2: proibido
A3: AUAS | B3: 1 | C3: RESIDENCIAL - Unifamiliar - n/a | D3: permitido | E3: Permitido, exceto nas Faixas Rodoviárias (FR) e nos Setores Especiais de Interesse Industrial (SE-06), porém permitido no Setor Especial (SE-06A) | F3: 2 | G3: {=XLOOKUP(USO_ZONA!$A3,MACROZONAS!B:B,MACROZONAS!A:A)} -> 2 | H3: {=XLOOKUP(USO_ZONA!$C3,USOS!H:H,USOS!G:G)} -> 1 | O3: condicionado
A4: AUAC | B4: 1 | C4: RESIDENCIAL - Unifamiliar - n/a | D4: permitido | E4: Permitido, exceto nas Faixas Rodoviárias (FR) e nos Setores Especiais de Interesse Industrial (SE-06), porém permitido no Setor Especial (SE-06A) | F4: 3 | G4: {=XLOOKUP(USO_ZONA!$A4,MACROZONAS!B:B,MACROZONAS!A:A)} -> 3 | H4: {=XLOOKUP(USO_ZONA!$C4,USOS!H:H,USOS!G:G)} -> 1
A5: AUAE | B5: 1 | C5: RESIDENCIAL - Unifamiliar - n/a | D5: permitido | E5: Permitido, exceto nas Faixas Rodoviárias (FR) e nos Setores Especiais de Interesse Industrial (SE-06), porém permitido no Setor Especial (SE-06A) | F5: 4 | G5: {=XLOOKUP(USO_ZONA!$A5,MACROZONAS!B:B,MACROZONAS!A:A)} -> 4 | H5: {=XLOOKUP(USO_ZONA!$C5,USOS!H:H,USOS!G:G)} -> 1
A6: AUPA | B6: 1 | C6: RESIDENCIAL - Unifamiliar - n/a | D6: permitido | E6: Permitido, exceto nas Faixas Rodoviárias (FR) e nos Setores Especiais de Interesse Industrial (SE-06), porém permitido no Setor Especial (SE-06A) | F6: 5 | G6: {=XLOOKUP(USO_ZONA!$A6,MACROZONAS!B:B,MACROZONAS!A:A)} -> 5 | H6: {=XLOOKUP(USO_ZONA!$C6,USOS!H:H,USOS!G:G)} -> 1
A7: ARPA | B7: 1 | C7: RESIDENCIAL - Unifamiliar - n/a | D7: permitido | E7: Permitido, exceto nas Faixas Rodoviárias (FR), nas vias que compõem as Faixas Viárias, quando classificados conforme incisos II e V do Art. 62 e as Unidades Habitacionais fizerem frente direto para a via pública e nos Setores Especiais de Conservação de Morros (SE-04), de Conservação de Várzeas (SE-05) e de Interesse Industrial (SE-06), porém, neste último, permitido no Setor Especial (SE-06A). | F7: 6 | G7: {=XLOOKUP(USO_ZONA!$A7,MACROZONAS!B:B,MACROZONAS!A:A)} -> 6 | H7: {=XLOOKUP(USO_ZONA!$C7,USOS!H:H,USOS!G:G)} -> 1
A8: ARUC | B8: 1 | C8: RESIDENCIAL - Unifamiliar - n/a | D8: permitido | E8: Permitido, exceto nas Faixas Rodoviárias (FR), nas vias que compõem as Faixas Viárias, quando classificados conforme incisos II e V do Art. 62 e as Unidades Habitacionais fizerem frente direto para a via pública e nos Setores Especiais de Conservação de Morros (SE-04), de Conservação de Várzeas (SE-05) e de Interesse Industrial (SE-06), porém, neste último, permitido no Setor Especial (SE-06A). | F8: 7 | G8: {=XLOOKUP(USO_ZONA!$A8,MACROZONAS!B:B,MACROZONAS!A:A)} -> 7 | H8: {=XLOOKUP(USO_ZONA!$C8,USOS!H:H,USOS!G:G)} -> 1
A9: AUAP | B9: 2 | C9: RESIDENCIAL - Multifamiliar - n/a | D9: permitido | E9: Permitido, exceto nas Faixas Rodoviárias (FR), nas vias que compõem as Faixas Viárias, quando classificados conforme incisos II e V do Art. 62 e as Unidades Habitacionais fizerem frente direto para a via pública e nos Setores Especiais de Conservação de Morros (SE-04), de Conservação de Várzeas (SE-05) e de Interesse Industrial (SE-06), porém, neste último, permitido no Setor Especial (SE-06A). | F9: 8 | G9: {=XLOOKUP(USO_ZONA!$A9,MACROZONAS!B:B,MACROZONAS!A:A)} -> 1 | H9: {=XLOOKUP(USO_ZONA!$C9,USOS!H:H,USOS!G:G)} -> 2
A10: AUAS | B10: 2 | C10: RESIDENCIAL - Multifamiliar - n/a | D10: permitido | E10: Permitido, exceto nas Faixas Rodoviárias (FR), nas vias que compõem as Faixas Viárias, quando classificados conforme incisos II e V do Art. 62 e as Unidades Habitacionais fizerem frente direto para a via pública e nos Setores Especiais de Conservação de Morros (SE-04), de Conservação de Várzeas (SE-05) e de Interesse Industrial (SE-06), porém, neste último, permitido no Setor Especial (SE-06A). | F10: 9 | G10: {=XLOOKUP(USO_ZONA!$A10,MACROZONAS!B:B,MACROZONAS!A:A)} -> 2 | H10: {=XLOOKUP(USO_ZONA!$C10,USOS!H:H,USOS!G:G)} -> 2
A11: AUAC | B11: 2 | C11: RESIDENCIAL - Multifamiliar - n/a | D11: permitido | E11: Permitido, exceto nas Faixas Rodoviárias (FR), nas vias que compõem as Faixas Viárias, quando classificados conforme incisos II e V do Art. 62 e as Unidades Habitacionais fizerem frente direto para a via pública e nos Setores Especiais de Conservação de Morros (SE-04), de Conservação de Várzeas (SE-05) e de Interesse Industrial (SE-06), porém, neste último, permitido no Setor Especial (SE-06A). | F11: 10 | G11: {=XLOOKUP(USO_ZONA!$A11,MACROZONAS!B:B,MACROZONAS!A:A)} -> 3 | H11: {=XLOOKUP(USO_ZONA!$C11,USOS!H:H,USOS!G:G)} -> 2
A12: AUAE | B12: 2 | C12: RESIDENCIAL - Multifamiliar - n/a | D12: permitido | E12: Permitido, exceto nas Faixas Rodoviárias (FR), nas vias que compõem as Faixas Viárias, quando classificados conforme incisos II e V do Art. 62 e as Unidades Habitacionais fizerem frente direto para a via pública e nos Setores Especiais de Conservação de Morros (SE-04), de Conservação de Várzeas (SE-05) e de Interesse Industrial (SE-06), porém, neste último, permitido no Setor Especial (SE-06A). | F12: 11 | G12: {=XLOOKUP(USO_ZONA!$A12,MACROZONAS!B:B,MACROZONAS!A:A)} -> 4 | H12: {=XLOOKUP(USO_ZONA!$C12,USOS!H:H,USOS!G:G)} -> 2
A13: AUPA | B13: 2 | C13: RESIDENCIAL - Multifamiliar - n/a | D13: proibido | F13: 12 | G13: {=XLOOKUP(USO_ZONA!$A13,MACROZONAS!B:B,MACROZONAS!A:A)} -> 5 | H13: {=XLOOKUP(USO_ZONA!$C13,USOS!H:H,USOS!G:G)} -> 2
A14: ARPA | B14: 2 | C14: RESIDENCIAL - Multifamiliar - n/a | D14: proibido | F14: 13 | G14: {=XLOOKUP(USO_ZONA!$A14,MACROZONAS!B:B,MACROZONAS!A:A)} -> 6 | H14: {=XLOOKUP(USO_ZONA!$C14,USOS!H:H,USOS!G:G)} -> 2
A15: ARUC | B15: 2 | C15: RESIDENCIAL - Multifamiliar - n/a | D15: proibido | F15: 14 | G15: {=XLOOKUP(USO_ZONA!$A15,MACROZONAS!B:B,MACROZONAS!A:A)} -> 7 | H15: {=XLOOKUP(USO_ZONA!$C15,USOS!H:H,USOS!G:G)} -> 2
A16: AUAP | B16: 3 | C16: COMERCIAL - Varejista - Pequeno | D16: permitido | E16: Permitido, exceto nos Setores Especiais de Interesse de Conservação de Morros (SE-04) e de Conservação de Várzeas (SE-05). | F16: 15 | G16: {=XLOOKUP(USO_ZONA!$A16,MACROZONAS!B:B,MACROZONAS!A:A)} -> 1 | H16: {=XLOOKUP(USO_ZONA!$C16,USOS!H:H,USOS!G:G)} -> 3
A17: AUAS | B17: 3 | C17: COMERCIAL - Varejista - Pequeno | D17: permitido | E17: Permitido, exceto nos Setores Especiais de Interesse de Conservação de Morros (SE-04) e de Conservação de Várzeas (SE-05). | F17: 16 | G17: {=XLOOKUP(USO_ZONA!$A17,MACROZONAS!B:B,MACROZONAS!A:A)} -> 2 | H17: {=XLOOKUP(USO_ZONA!$C17,USOS!H:H,USOS!G:G)} -> 3
A18: AUAC | B18: 3 | C18: COMERCIAL - Varejista - Pequeno | D18: permitido | E18: Permitido, exceto nos Setores Especiais de Interesse de Conservação de Morros (SE-04) e de Conservação de Várzeas (SE-05). | F18: 17 | G18: {=XLOOKUP(USO_ZONA!$A18,MACROZONAS!B:B,MACROZONAS!A:A)} -> 3 | H18: {=XLOOKUP(USO_ZONA!$C18,USOS!H:H,USOS!G:G)} -> 3
A19: AUAE | B19: 3 | C19: COMERCIAL - Varejista - Pequeno | D19: permitido | E19: Permitido apenas nas Faixas Viárias (FV) | F19: 18 | G19: {=XLOOKUP(USO_ZONA!$A19,MACROZONAS!B:B,MACROZONAS!A:A)} -> 4 | H19: {=XLOOKUP(USO_ZONA!$C19,USOS!H:H,USOS!G:G)} -> 3
A20: AUPA | B20: 3 | C20: COMERCIAL - Varejista - Pequeno | D20: proibido | F20: 19 | G20: {=XLOOKUP(USO_ZONA!$A20,MACROZONAS!B:B,MACROZONAS!A:A)} -> 5 | H20: {=XLOOKUP(USO_ZONA!$C20,USOS!H:H,USOS!G:G)} -> 3
A21: ARPA | B21: 3 | C21: COMERCIAL - Varejista - Pequeno | D21: proibido | F21: 20 | G21: {=XLOOKUP(USO_ZONA!$A21,MACROZONAS!B:B,MACROZONAS!A:A)} -> 6 | H21: {=XLOOKUP(USO_ZONA!$C21,USOS!H:H,USOS!G:G)} -> 3
A22: ARUC | B22: 3 | C22: COMERCIAL - Varejista - Pequeno | D22: condicionado | E22: Permitido, quando caracterizado de apoio aos setores agrícola e de turismo. | F22: 21 | G22: {=XLOOKUP(USO_ZONA!$A22,MACROZONAS!B:B,MACROZONAS!A:A)} -> 7 | H22: {=XLOOKUP(USO_ZONA!$C22,USOS!H:H,USOS!G:G)} -> 3
A23: AUAP | B23: 4 | C23: COMERCIAL - Varejista - Médio | D23: permitido | E23: Permitido nas Faixas Viárias (FV) Faixas Rodoviárias (FR), no Setor de adensamento Prioritário (SA-01), nos Setores Especiais de Interesse Industrial (SE-06) e no Setor Especial de Interesse Cultural (SE - 01). | F23: 22 | G23: {=XLOOKUP(USO_ZONA!$A23,MACROZONAS!B:B,MACROZONAS!A:A)} -> 1 | H23: {=XLOOKUP(USO_ZONA!$C23,USOS!H:H,USOS!G:G)} -> 4
A24: AUAS | B24: 4 | C24: COMERCIAL - Varejista - Médio | D24: permitido | E24: Permitido nas Faixas Viárias (FV) Faixas Rodoviárias (FR), no Setor de adensamento Prioritário (SA-01), nos Setores Especiais de Interesse Industrial (SE-06) e no Setor Especial de Interesse Cultural (SE - 01). | F24: 23 | G24: {=XLOOKUP(USO_ZONA!$A24,MACROZONAS!B:B,MACROZONAS!A:A)} -> 2 | H24: {=XLOOKUP(USO_ZONA!$C24,USOS!H:H,USOS!G:G)} -> 4
A25: AUAC | B25: 4 | C25: COMERCIAL - Varejista - Médio | D25: permitido | E25: Permitido nas Faixas Viárias (FV) Faixas Rodoviárias (FR), no Setor de adensamento Prioritário (SA-01), nos Setores Especiais de Interesse Industrial (SE-06) e no Setor Especial de Interesse Cultural (SE - 01). | F25: 24 | G25: {=XLOOKUP(USO_ZONA!$A25,MACROZONAS!B:B,MACROZONAS!A:A)} -> 3 | H25: {=XLOOKUP(USO_ZONA!$C25,USOS!H:H,USOS!G:G)} -> 4
A26: AUAE | B26: 4 | C26: COMERCIAL - Varejista - Médio | D26: permitido | E26: Permitido nas Faixas Viárias (FV) Faixas Rodoviárias (FR), no Setor de adensamento Prioritário (SA-01), nos Setores Especiais de Interesse Industrial (SE-06) e no Setor Especial de Interesse Cultural (SE - 01). | F26: 25 | G26: {=XLOOKUP(USO_ZONA!$A26,MACROZONAS!B:B,MACROZONAS!A:A)} -> 4 | H26: {=XLOOKUP(USO_ZONA!$C26,USOS!H:H,USOS!G:G)} -> 4
A27: AUPA | B27: 4 | C27: COMERCIAL - Varejista - Médio | D27: proibido | F27: 26 | G27: {=XLOOKUP(USO_ZONA!$A27,MACROZONAS!B:B,MACROZONAS!A:A)} -> 5 | H27: {=XLOOKUP(USO_ZONA!$C27,USOS!H:H,USOS!G:G)} -> 4
A28: ARPA | B28: 4 | C28: COMERCIAL - Varejista - Médio | D28: proibido | F28: 27 | G28: {=XLOOKUP(USO_ZONA!$A28,MACROZONAS!B:B,MACROZONAS!A:A)} -> 6 | H28: {=XLOOKUP(USO_ZONA!$C28,USOS!H:H,USOS!G:G)} -> 4
A29: ARUC | B29: 4 | C29: COMERCIAL - Varejista - Médio | D29: condicionado | E29: Proibida, exceto a atividade 47.3 (comércio varejista de combustíveis para veículo automotores), quando este fizer frente para uma rodovia estadual ou federal | F29: 28 | G29: {=XLOOKUP(USO_ZONA!$A29,MACROZONAS!B:B,MACROZONAS!A:A)} -> 7 | H29: {=XLOOKUP(USO_ZONA!$C29,USOS!H:H,USOS!G:G)} -> 4
A30: AUAP | B30: 5 | C30: COMERCIAL - Varejista - Grande | D30: permitido | E30: Permitido nas Faixas Viárias (FV) Faixas Rodoviárias (FR), no Setor de adensamento Prioritário (SA-01), nos Setores Especiais de Interesse Industrial (SE-06) e no Setor Especial de Interesse Cultural (SE - 01Permitido nas vias que deram origem as Faixas Viárias (FV) Faixas Rodoviárias (FR), no Setor de Adensamento Prioritário (SA-01) e nos Setores Especiais de Interesse Industrial (SE-06) | F30: 29 | G30: {=XLOOKUP(USO_ZONA!$A30,MACROZONAS!B:B,MACROZONAS!A:A)} -> 1 | H30: {=XLOOKUP(USO_ZONA!$C30,USOS!H:H,USOS!G:G)} -> 5
A31: AUAS | B31: 5 | C31: COMERCIAL - Varejista - Grande | D31: permitido | E31: Permitido nas Faixas Viárias (FV) Faixas Rodoviárias (FR), no Setor de adensamento Prioritário (SA-01), nos Setores Especiais de Interesse Industrial (SE-06) e no Setor Especial de Interesse Cultural (SE - 01Permitido nas vias que deram origem as Faixas Viárias (FV) Faixas Rodoviárias (FR), no Setor de Adensamento Prioritário (SA-01) e nos Setores Especiais de Interesse Industrial (SE-06) | F31: 30 | G31: {=XLOOKUP(USO_ZONA!$A31,MACROZONAS!B:B,MACROZONAS!A:A)} -> 2 | H31: {=XLOOKUP(USO_ZONA!$C31,USOS!H:H,USOS!G:G)} -> 5
A32: AUAC | B32: 5 | C32: COMERCIAL - Varejista - Grande | D32: permitido | E32: Permitido nas Faixas Viárias (FV) Faixas Rodoviárias (FR), no Setor de adensamento Prioritário (SA-01), nos Setores Especiais de Interesse Industrial (SE-06) e no Setor Especial de Interesse Cultural (SE - 01Permitido nas vias que deram origem as Faixas Viárias (FV) Faixas Rodoviárias (FR), no Setor de Adensamento Prioritário (SA-01) e nos Setores Especiais de Interesse Industrial (SE-06) | F32: 31 | G32: {=XLOOKUP(USO_ZONA!$A32,MACROZONAS!B:B,MACROZONAS!A:A)} -> 3 | H32: {=XLOOKUP(USO_ZONA!$C32,USOS!H:H,USOS!G:G)} -> 5
A33: AUAE | B33: 5 | C33: COMERCIAL - Varejista - Grande | D33: permitido | E33: Permitido nas Faixas Viárias (FV) Faixas Rodoviárias (FR), no Setor de adensamento Prioritário (SA-01), nos Setores Especiais de Interesse Industrial (SE-06) e no Setor Especial de Interesse Cultural (SE - 01Permitido nas vias que deram origem as Faixas Viárias (FV) Faixas Rodoviárias (FR), no Setor de Adensamento Prioritário (SA-01) e nos Setores Especiais de Interesse Industrial (SE-06) | F33: 32 | G33: {=XLOOKUP(USO_ZONA!$A33,MACROZONAS!B:B,MACROZONAS!A:A)} -> 4 | H33: {=XLOOKUP(USO_ZONA!$C33,USOS!H:H,USOS!G:G)} -> 5
A34: AUPA | B34: 5 | C34: COMERCIAL - Varejista - Grande | D34: proibido | F34: 33 | G34: {=XLOOKUP(USO_ZONA!$A34,MACROZONAS!B:B,MACROZONAS!A:A)} -> 5 | H34: {=XLOOKUP(USO_ZONA!$C34,USOS!H:H,USOS!G:G)} -> 5
A35: ARPA | B35: 5 | C35: COMERCIAL - Varejista - Grande | D35: proibido | F35: 34 | G35: {=XLOOKUP(USO_ZONA!$A35,MACROZONAS!B:B,MACROZONAS!A:A)} -> 6 | H35: {=XLOOKUP(USO_ZONA!$C35,USOS!H:H,USOS!G:G)} -> 5
A36: ARUC | B36: 5 | C36: COMERCIAL - Varejista - Grande | D36: condicionado | E36: Proibida, exceto a atividade 47.3 (comércio varejista de combustíveis para veículo automotores), quando este fizer frente para uma rodovia estadual ou federal | F36: 35 | G36: {=XLOOKUP(USO_ZONA!$A36,MACROZONAS!B:B,MACROZONAS!A:A)} -> 7 | H36: {=XLOOKUP(USO_ZONA!$C36,USOS!H:H,USOS!G:G)} -> 5
A37: AUAP | B37: 6 | C37: COMERCIAL - Atacadista - Pequeno | D37: permitido | E37: Permitido, exceto nos Setores Especiais de Interesse de Conservação de Morros (SE-04) e de Conservação de Várzeas (SE-05) | F37: 36 | G37: {=XLOOKUP(USO_ZONA!$A37,MACROZONAS!B:B,MACROZONAS!A:A)} -> 1 | H37: {=XLOOKUP(USO_ZONA!$C37,USOS!H:H,USOS!G:G)} -> 6
A38: AUAS | B38: 6 | C38: COMERCIAL - Atacadista - Pequeno | D38: permitido | E38: Permitido, exceto nos Setores Especiais de Interesse de Conservação de Morros (SE-04) e de Conservação de Várzeas (SE-05) | F38: 37 | G38: {=XLOOKUP(USO_ZONA!$A38,MACROZONAS!B:B,MACROZONAS!A:A)} -> 2 | H38: {=XLOOKUP(USO_ZONA!$C38,USOS!H:H,USOS!G:G)} -> 6
A39: AUAC | B39: 6 | C39: COMERCIAL - Atacadista - Pequeno | D39: permitido | E39: Permitido, exceto nos Setores Especiais de Interesse de Conservação de Morros (SE-04) e de Conservação de Várzeas (SE-05) | F39: 38 | G39: {=XLOOKUP(USO_ZONA!$A39,MACROZONAS!B:B,MACROZONAS!A:A)} -> 3 | H39: {=XLOOKUP(USO_ZONA!$C39,USOS!H:H,USOS!G:G)} -> 6
A40: AUAE | B40: 6 | C40: COMERCIAL - Atacadista - Pequeno | D40: condicionado | E40: Permitido apenas nas Faixas Viárias (FV) | F40: 39 | G40: {=XLOOKUP(USO_ZONA!$A40,MACROZONAS!B:B,MACROZONAS!A:A)} -> 4 | H40: {=XLOOKUP(USO_ZONA!$C40,USOS!H:H,USOS!G:G)} -> 6
A41: AUPA | B41: 6 | C41: COMERCIAL - Atacadista - Pequeno | D41: proibido | F41: 40 | G41: {=XLOOKUP(USO_ZONA!$A41,MACROZONAS!B:B,MACROZONAS!A:A)} -> 5 | H41: {=XLOOKUP(USO_ZONA!$C41,USOS!H:H,USOS!G:G)} -> 6
A42: ARPA | B42: 6 | C42: COMERCIAL - Atacadista - Pequeno | D42: proibido | F42: 41 | G42: {=XLOOKUP(USO_ZONA!$A42,MACROZONAS!B:B,MACROZONAS!A:A)} -> 6 | H42: {=XLOOKUP(USO_ZONA!$C42,USOS!H:H,USOS!G:G)} -> 6
A43: ARUC | B43: 6 | C43: COMERCIAL - Atacadista - Pequeno | D43: condicionado | E43: Permitido, apenas as atividades 46.1 (representantes comerciais e agentes do comércio) de pequeno porte, caracterizado de apoio aos setores agrícola, turístico ou rodoviário e 46.2 (comércio atacadista de matérias primas agrícolas e animais vivos). | F43: 42 | G43: {=XLOOKUP(USO_ZONA!$A43,MACROZONAS!B:B,MACROZONAS!A:A)} -> 7 | H43: {=XLOOKUP(USO_ZONA!$C43,USOS!H:H,USOS!G:G)} -> 6
A44: AUAP | B44: 7 | C44: COMERCIAL - Atacadista - Médio | D44: permitido | E44: Permitido nas Faixas Rodoviárias (FR), nos Setores Especiais de Interesse Industrial (SE-06) e nas Faixas Viárias (FV). | F44: 43 | G44: {=XLOOKUP(USO_ZONA!$A44,MACROZONAS!B:B,MACROZONAS!A:A)} -> 1 | H44: {=XLOOKUP(USO_ZONA!$C44,USOS!H:H,USOS!G:G)} -> 7
A45: AUAS | B45: 7 | C45: COMERCIAL - Atacadista - Médio | D45: permitido | E45: Permitido nas Faixas Rodoviárias (FR), nos Setores Especiais de Interesse Industrial (SE-06) e nas Faixas Viárias (FV). | F45: 44 | G45: {=XLOOKUP(USO_ZONA!$A45,MACROZONAS!B:B,MACROZONAS!A:A)} -> 2 | H45: {=XLOOKUP(USO_ZONA!$C45,USOS!H:H,USOS!G:G)} -> 7
A46: AUAC | B46: 7 | C46: COMERCIAL - Atacadista - Médio | D46: permitido | E46: Permitido nas Faixas Rodoviárias (FR), nos Setores Especiais de Interesse Industrial (SE-06) e nas Faixas Viárias (FV). | F46: 45 | G46: {=XLOOKUP(USO_ZONA!$A46,MACROZONAS!B:B,MACROZONAS!A:A)} -> 3 | H46: {=XLOOKUP(USO_ZONA!$C46,USOS!H:H,USOS!G:G)} -> 7
A47: AUAE | B47: 7 | C47: COMERCIAL - Atacadista - Médio | D47: condicionado | E47: Permitido apenas nas Faixas Viárias (FV) | F47: 46 | G47: {=XLOOKUP(USO_ZONA!$A47,MACROZONAS!B:B,MACROZONAS!A:A)} -> 4 | H47: {=XLOOKUP(USO_ZONA!$C47,USOS!H:H,USOS!G:G)} -> 7
A48: AUPA | B48: 7 | C48: COMERCIAL - Atacadista - Médio | D48: proibido | F48: 47 | G48: {=XLOOKUP(USO_ZONA!$A48,MACROZONAS!B:B,MACROZONAS!A:A)} -> 5 | H48: {=XLOOKUP(USO_ZONA!$C48,USOS!H:H,USOS!G:G)} -> 7
A49: ARPA | B49: 7 | C49: COMERCIAL - Atacadista - Médio | D49: proibido | F49: 48 | G49: {=XLOOKUP(USO_ZONA!$A49,MACROZONAS!B:B,MACROZONAS!A:A)} -> 6 | H49: {=XLOOKUP(USO_ZONA!$C49,USOS!H:H,USOS!G:G)} -> 7
A50: ARUC | B50: 7 | C50: COMERCIAL - Atacadista - Médio | D50: condicionado | E50: Permitido, apenas as atividades 46.1 (representantes comerciais e agentes do comércio) de pequeno porte, caracterizado de apoio aos setores agrícola, turístico ou rodoviário e 46.2 (comércio atacadista de matérias primas agrícolas e animais vivos). | F50: 49 | G50: {=XLOOKUP(USO_ZONA!$A50,MACROZONAS!B:B,MACROZONAS!A:A)} -> 7 | H50: {=XLOOKUP(USO_ZONA!$C50,USOS!H:H,USOS!G:G)} -> 7
A51: AUAP | B51: 8 | C51: COMERCIAL - Atacadista - Grande | D51: permitido | E51: Permitido nas Faixas Rodoviárias (FR), nos Setores Especiais de Interesse Industrial (SE-06) e nas Faixas Viárias (FV). | F51: 50 | G51: {=XLOOKUP(USO_ZONA!$A51,MACROZONAS!B:B,MACROZONAS!A:A)} -> 1 | H51: {=XLOOKUP(USO_ZONA!$C51,USOS!H:H,USOS!G:G)} -> 8
A52: AUAS | B52: 8 | C52: COMERCIAL - Atacadista - Grande | D52: permitido | E52: Permitido nas Faixas Rodoviárias (FR), nos Setores Especiais de Interesse Industrial (SE-06) e nas Faixas Viárias (FV). | F52: 51 | G52: {=XLOOKUP(USO_ZONA!$A52,MACROZONAS!B:B,MACROZONAS!A:A)} -> 2 | H52: {=XLOOKUP(USO_ZONA!$C52,USOS!H:H,USOS!G:G)} -> 8
A53: AUAC | B53: 8 | C53: COMERCIAL - Atacadista - Grande | D53: permitido | E53: Permitido nas Faixas Rodoviárias (FR), nos Setores Especiais de Interesse Industrial (SE-06) e nas Faixas Viárias (FV). | F53: 52 | G53: {=XLOOKUP(USO_ZONA!$A53,MACROZONAS!B:B,MACROZONAS!A:A)} -> 3 | H53: {=XLOOKUP(USO_ZONA!$C53,USOS!H:H,USOS!G:G)} -> 8
A54: AUAE | B54: 8 | C54: COMERCIAL - Atacadista - Grande | D54: condicionado | E54: Permitido apenas nas Faixas Viárias (FV) | F54: 53 | G54: {=XLOOKUP(USO_ZONA!$A54,MACROZONAS!B:B,MACROZONAS!A:A)} -> 4 | H54: {=XLOOKUP(USO_ZONA!$C54,USOS!H:H,USOS!G:G)} -> 8
A55: AUPA | B55: 8 | C55: COMERCIAL - Atacadista - Grande | D55: proibido | F55: 54 | G55: {=XLOOKUP(USO_ZONA!$A55,MACROZONAS!B:B,MACROZONAS!A:A)} -> 5 | H55: {=XLOOKUP(USO_ZONA!$C55,USOS!H:H,USOS!G:G)} -> 8
A56: ARPA | B56: 8 | C56: COMERCIAL - Atacadista - Grande | D56: proibido | F56: 55 | G56: {=XLOOKUP(USO_ZONA!$A56,MACROZONAS!B:B,MACROZONAS!A:A)} -> 6 | H56: {=XLOOKUP(USO_ZONA!$C56,USOS!H:H,USOS!G:G)} -> 8
A57: ARUC | B57: 8 | C57: COMERCIAL - Atacadista - Grande | D57: condicionado | E57: Permitido, apenas as atividades 46.1 (representantes comerciais e agentes do comércio) de pequeno porte, caracterizado de apoio aos setores agrícola, turístico ou rodoviário e 46.2 (comércio atacadista de matérias primas agrícolas e animais vivos). | F57: 56 | G57: {=XLOOKUP(USO_ZONA!$A57,MACROZONAS!B:B,MACROZONAS!A:A)} -> 7 | H57: {=XLOOKUP(USO_ZONA!$C57,USOS!H:H,USOS!G:G)} -> 8
A58: AUAP | B58: 9 | C58: SERVIÇO - Atividades de Transporte, Armazenagem e Correio (3) (4) - Pequeno | D58: permitido | E58: Permitido, exceto nos Setores Especiais de Interesse de Conservação de Morros (SE-04) e de Conservação de Várzeas (SE-05), e desde que não haja a guarda e/ou circulação de veículos e equipamentos "de grande porte" destinados a serviços de transporte (1) (2) | F58: 57 | G58: {=XLOOKUP(USO_ZONA!$A58,MACROZONAS!B:B,MACROZONAS!A:A)} -> 1 | H58: {=XLOOKUP(USO_ZONA!$C58,USOS!H:H,USOS!G:G)} -> 9
A59: AUAS | B59: 9 | C59: SERVIÇO - Atividades de Transporte, Armazenagem e Correio (3) (4) - Pequeno | D59: permitido | E59: Permitido, exceto nos Setores Especiais de Interesse de Conservação de Morros (SE-04) e de Conservação de Várzeas (SE-05), e desde que não haja a guarda e/ou circulação de veículos e equipamentos "de grande porte" destinados a serviços de transporte (1) (2) | F59: 58 | G59: {=XLOOKUP(USO_ZONA!$A59,MACROZONAS!B:B,MACROZONAS!A:A)} -> 2 | H59: {=XLOOKUP(USO_ZONA!$C59,USOS!H:H,USOS!G:G)} -> 9
A60: AUAC | B60: 9 | C60: SERVIÇO - Atividades de Transporte, Armazenagem e Correio (3) (4) - Pequeno | D60: permitido | E60: Permitido, exceto nos Setores Especiais de Interesse de Conservação de Morros (SE-04) e de Conservação de Várzeas (SE-05), e desde que não haja a guarda e/ou circulação de veículos e equipamentos "de grande porte" destinados a serviços de transporte (1) (2) | F60: 59 | G60: {=XLOOKUP(USO_ZONA!$A60,MACROZONAS!B:B,MACROZONAS!A:A)} -> 3 | H60: {=XLOOKUP(USO_ZONA!$C60,USOS!H:H,USOS!G:G)} -> 9
A61: AUAE | B61: 9 | C61: SERVIÇO - Atividades de Transporte, Armazenagem e Correio (3) (4) - Pequeno | D61: condicionado | E61: Permitido apenas nas Faixas Viárias (FV), exceto a Atividade de Transporte, Armazenagem e Correio que só será permitido a de pequeno porte. | F61: 60 | G61: {=XLOOKUP(USO_ZONA!$A61,MACROZONAS!B:B,MACROZONAS!A:A)} -> 4 | H61: {=XLOOKUP(USO_ZONA!$C61,USOS!H:H,USOS!G:G)} -> 9
A62: AUPA | B62: 9 | C62: SERVIÇO - Atividades de Transporte, Armazenagem e Correio (3) (4) - Pequeno | D62: proibido | F62: 61 | G62: {=XLOOKUP(USO_ZONA!$A62,MACROZONAS!B:B,MACROZONAS!A:A)} -> 5 | H62: {=XLOOKUP(USO_ZONA!$C62,USOS!H:H,USOS!G:G)} -> 9
A63: ARPA | B63: 9 | C63: SERVIÇO - Atividades de Transporte, Armazenagem e Correio (3) (4) - Pequeno | D63: proibido | F63: 62 | G63: {=XLOOKUP(USO_ZONA!$A63,MACROZONAS!B:B,MACROZONAS!A:A)} -> 6 | H63: {=XLOOKUP(USO_ZONA!$C63,USOS!H:H,USOS!G:G)} -> 9
A64: ARUC | B64: 9 | C64: SERVIÇO - Atividades de Transporte, Armazenagem e Correio (3) (4) - Pequeno | D64: condicionado | E64: Permitido, quando este fizer frente para uma rodovia estadual ou federal | F64: 63 | G64: {=XLOOKUP(USO_ZONA!$A64,MACROZONAS!B:B,MACROZONAS!A:A)} -> 7 | H64: {=XLOOKUP(USO_ZONA!$C64,USOS!H:H,USOS!G:G)} -> 9
A65: AUAP | B65: 10 | C65: SERVIÇO - Atividades de Transporte, Armazenagem e Correio (3) (4) - Médio | D65: permitido | E65: Permitido nas Faixas Rodoviárias (FR) e nos Setores Especiais de Interesse Industrial (SE- 06). | F65: 64 | G65: {=XLOOKUP(USO_ZONA!$A65,MACROZONAS!B:B,MACROZONAS!A:A)} -> 1 | H65: {=XLOOKUP(USO_ZONA!$C65,USOS!H:H,USOS!G:G)} -> 10
A66: AUAS | B66: 10 | C66: SERVIÇO - Atividades de Transporte, Armazenagem e Correio (3) (4) - Médio | D66: permitido | E66: Permitido nas Faixas Rodoviárias (FR) e nos Setores Especiais de Interesse Industrial (SE- 06). | F66: 65 | G66: {=XLOOKUP(USO_ZONA!$A66,MACROZONAS!B:B,MACROZONAS!A:A)} -> 2 | H66: {=XLOOKUP(USO_ZONA!$C66,USOS!H:H,USOS!G:G)} -> 10
A67: AUAC | B67: 10 | C67: SERVIÇO - Atividades de Transporte, Armazenagem e Correio (3) (4) - Médio | D67: permitido | E67: Permitido nas Faixas Rodoviárias (FR) e nos Setores Especiais de Interesse Industrial (SE- 06). | F67: 66 | G67: {=XLOOKUP(USO_ZONA!$A67,MACROZONAS!B:B,MACROZONAS!A:A)} -> 3 | H67: {=XLOOKUP(USO_ZONA!$C67,USOS!H:H,USOS!G:G)} -> 10
A68: AUAE | B68: 10 | C68: SERVIÇO - Atividades de Transporte, Armazenagem e Correio (3) (4) - Médio | D68: condicionado | E68: Permitido apenas nas Faixas Viárias (FV), exceto a Atividade de Transporte, Armazenagem e Correio que só será permitido a de pequeno porte. | F68: 67 | G68: {=XLOOKUP(USO_ZONA!$A68,MACROZONAS!B:B,MACROZONAS!A:A)} -> 4 | H68: {=XLOOKUP(USO_ZONA!$C68,USOS!H:H,USOS!G:G)} -> 10
A69: AUPA | B69: 10 | C69: SERVIÇO - Atividades de Transporte, Armazenagem e Correio (3) (4) - Médio | D69: proibido | F69: 68 | G69: {=XLOOKUP(USO_ZONA!$A69,MACROZONAS!B:B,MACROZONAS!A:A)} -> 5 | H69: {=XLOOKUP(USO_ZONA!$C69,USOS!H:H,USOS!G:G)} -> 10
A70: ARPA | B70: 10 | C70: SERVIÇO - Atividades de Transporte, Armazenagem e Correio (3) (4) - Médio | D70: proibido | F70: 69 | G70: {=XLOOKUP(USO_ZONA!$A70,MACROZONAS!B:B,MACROZONAS!A:A)} -> 6 | H70: {=XLOOKUP(USO_ZONA!$C70,USOS!H:H,USOS!G:G)} -> 10
A71: ARUC | B71: 10 | C71: SERVIÇO - Atividades de Transporte, Armazenagem e Correio (3) (4) - Médio | D71: condicionado | E71: Permitido, quando este fizer frente para uma rodovia estadual ou federal | F71: 70 | G71: {=XLOOKUP(USO_ZONA!$A71,MACROZONAS!B:B,MACROZONAS!A:A)} -> 7 | H71: {=XLOOKUP(USO_ZONA!$C71,USOS!H:H,USOS!G:G)} -> 10
A72: AUAP | B72: 11 | C72: SERVIÇO - Atividades de Transporte, Armazenagem e Correio (3) (4) - Grande | D72: permitido | E72: Permitido nas Faixas Rodoviárias (FR) e nos Setores Especiais de Interesse Industrial (SE- 06). | F72: 71 | G72: {=XLOOKUP(USO_ZONA!$A72,MACROZONAS!B:B,MACROZONAS!A:A)} -> 1 | H72: {=XLOOKUP(USO_ZONA!$C72,USOS!H:H,USOS!G:G)} -> 11
A73: AUAS | B73: 11 | C73: SERVIÇO - Atividades de Transporte, Armazenagem e Correio (3) (4) - Grande | D73: permitido | E73: Permitido nas Faixas Rodoviárias (FR) e nos Setores Especiais de Interesse Industrial (SE- 06). | F73: 72 | G73: {=XLOOKUP(USO_ZONA!$A73,MACROZONAS!B:B,MACROZONAS!A:A)} -> 2 | H73: {=XLOOKUP(USO_ZONA!$C73,USOS!H:H,USOS!G:G)} -> 11
A74: AUAC | B74: 11 | C74: SERVIÇO - Atividades de Transporte, Armazenagem e Correio (3) (4) - Grande | D74: permitido | E74: Permitido nas Faixas Rodoviárias (FR) e nos Setores Especiais de Interesse Industrial (SE- 06). | F74: 73 | G74: {=XLOOKUP(USO_ZONA!$A74,MACROZONAS!B:B,MACROZONAS!A:A)} -> 3 | H74: {=XLOOKUP(USO_ZONA!$C74,USOS!H:H,USOS!G:G)} -> 11
A75: AUAE | B75: 11 | C75: SERVIÇO - Atividades de Transporte, Armazenagem e Correio (3) (4) - Grande | D75: condicionado | E75: Permitido apenas nas Faixas Viárias (FV), exceto a Atividade de Transporte, Armazenagem e Correio que só será permitido a de pequeno porte. | F75: 74 | G75: {=XLOOKUP(USO_ZONA!$A75,MACROZONAS!B:B,MACROZONAS!A:A)} -> 4 | H75: {=XLOOKUP(USO_ZONA!$C75,USOS!H:H,USOS!G:G)} -> 11
A76: AUPA | B76: 11 | C76: SERVIÇO - Atividades de Transporte, Armazenagem e Correio (3) (4) - Grande | D76: proibido | F76: 75 | G76: {=XLOOKUP(USO_ZONA!$A76,MACROZONAS!B:B,MACROZONAS!A:A)} -> 5 | H76: {=XLOOKUP(USO_ZONA!$C76,USOS!H:H,USOS!G:G)} -> 11
A77: ARPA | B77: 11 | C77: SERVIÇO - Atividades de Transporte, Armazenagem e Correio (3) (4) - Grande | D77: proibido | F77: 76 | G77: {=XLOOKUP(USO_ZONA!$A77,MACROZONAS!B:B,MACROZONAS!A:A)} -> 6 | H77: {=XLOOKUP(USO_ZONA!$C77,USOS!H:H,USOS!G:G)} -> 11
A78: ARUC | B78: 11 | C78: SERVIÇO - Atividades de Transporte, Armazenagem e Correio (3) (4) - Grande | D78: condicionado | E78: Permitido, quando este fizer frente para uma rodovia estadual ou federal | F78: 77 | G78: {=XLOOKUP(USO_ZONA!$A78,MACROZONAS!B:B,MACROZONAS!A:A)} -> 7 | H78: {=XLOOKUP(USO_ZONA!$C78,USOS!H:H,USOS!G:G)} -> 11
A79: AUAP | B79: 12 | C79: SERVIÇO - Atividades de Alojamento e Alimentação - Pequeno | D79: permitido | E79: Permitido, exceto nos Setores Especiais de Interesse de Conservação de Morros (SE-04) e de Conservação de Várzeas (SE-05) | F79: 78 | G79: {=XLOOKUP(USO_ZONA!$A79,MACROZONAS!B:B,MACROZONAS!A:A)} -> 1 | H79: {=XLOOKUP(USO_ZONA!$C79,USOS!H:H,USOS!G:G)} -> 12
A80: AUAS | B80: 12 | C80: SERVIÇO - Atividades de Alojamento e Alimentação - Pequeno | D80: permitido | E80: Permitido, exceto nos Setores Especiais de Interesse de Conservação de Morros (SE-04) e de Conservação de Várzeas (SE-05) | F80: 79 | G80: {=XLOOKUP(USO_ZONA!$A80,MACROZONAS!B:B,MACROZONAS!A:A)} -> 2 | H80: {=XLOOKUP(USO_ZONA!$C80,USOS!H:H,USOS!G:G)} -> 12
A81: AUAC | B81: 12 | C81: SERVIÇO - Atividades de Alojamento e Alimentação - Pequeno | D81: permitido | E81: Permitido, exceto nos Setores Especiais de Interesse de Conservação de Morros (SE-04) e de Conservação de Várzeas (SE-05) | F81: 80 | G81: {=XLOOKUP(USO_ZONA!$A81,MACROZONAS!B:B,MACROZONAS!A:A)} -> 3 | H81: {=XLOOKUP(USO_ZONA!$C81,USOS!H:H,USOS!G:G)} -> 12
A82: AUAE | B82: 12 | C82: SERVIÇO - Atividades de Alojamento e Alimentação - Pequeno | D82: permitido | E82: Permitido apenas nas Faixas Viárias (FV), exceto a Atividade de Transporte, Armazenagem e Correio que só será permitido a de pequeno porte. | F82: 81 | G82: {=XLOOKUP(USO_ZONA!$A82,MACROZONAS!B:B,MACROZONAS!A:A)} -> 4 | H82: {=XLOOKUP(USO_ZONA!$C82,USOS!H:H,USOS!G:G)} -> 12
A83: AUPA | B83: 12 | C83: SERVIÇO - Atividades de Alojamento e Alimentação - Pequeno | D83: proibido | F83: 82 | G83: {=XLOOKUP(USO_ZONA!$A83,MACROZONAS!B:B,MACROZONAS!A:A)} -> 5 | H83: {=XLOOKUP(USO_ZONA!$C83,USOS!H:H,USOS!G:G)} -> 12
A84: ARPA | B84: 12 | C84: SERVIÇO - Atividades de Alojamento e Alimentação - Pequeno | D84: condicionado | E84: Permitido, condicionado parecer favorável do órgão ambiental competente | F84: 83 | G84: {=XLOOKUP(USO_ZONA!$A84,MACROZONAS!B:B,MACROZONAS!A:A)} -> 6 | H84: {=XLOOKUP(USO_ZONA!$C84,USOS!H:H,USOS!G:G)} -> 12
A85: ARUC | B85: 12 | C85: SERVIÇO - Atividades de Alojamento e Alimentação - Pequeno | D85: condicionado | E85: Permitido, condicionado parecer favorável do órgão ambiental competente | F85: 84 | G85: {=XLOOKUP(USO_ZONA!$A85,MACROZONAS!B:B,MACROZONAS!A:A)} -> 7 | H85: {=XLOOKUP(USO_ZONA!$C85,USOS!H:H,USOS!G:G)} -> 12
A86: AUAP | B86: 13 | C86: SERVIÇO - Atividades de Alojamento e Alimentação - Médio | D86: permitido | E86: Permitido nas Faixas Viárias (FV), Faixas Rodoviárias (FR), no Setor de Adensamento Prioritário (SA-01), nos Setores Especiais de Interesse Industrial (SE-06) e Setores Especiais de Interesse Educacional (SE-03) | F86: 85 | G86: {=XLOOKUP(USO_ZONA!$A86,MACROZONAS!B:B,MACROZONAS!A:A)} -> 1 | H86: {=XLOOKUP(USO_ZONA!$C86,USOS!H:H,USOS!G:G)} -> 13
A87: AUAS | B87: 13 | C87: SERVIÇO - Atividades de Alojamento e Alimentação - Médio | D87: permitido | E87: Permitido nas Faixas Viárias (FV), Faixas Rodoviárias (FR), no Setor de Adensamento Prioritário (SA-01), nos Setores Especiais de Interesse Industrial (SE-06) e Setores Especiais de Interesse Educacional (SE-03) | F87: 86 | G87: {=XLOOKUP(USO_ZONA!$A87,MACROZONAS!B:B,MACROZONAS!A:A)} -> 2 | H87: {=XLOOKUP(USO_ZONA!$C87,USOS!H:H,USOS!G:G)} -> 13
A88: AUAC | B88: 13 | C88: SERVIÇO - Atividades de Alojamento e Alimentação - Médio | D88: permitido | E88: Permitido nas Faixas Viárias (FV), Faixas Rodoviárias (FR), no Setor de Adensamento Prioritário (SA-01), nos Setores Especiais de Interesse Industrial (SE-06) e Setores Especiais de Interesse Educacional (SE-03) | F88: 87 | G88: {=XLOOKUP(USO_ZONA!$A88,MACROZONAS!B:B,MACROZONAS!A:A)} -> 3 | H88: {=XLOOKUP(USO_ZONA!$C88,USOS!H:H,USOS!G:G)} -> 13
A89: AUAE | B89: 13 | C89: SERVIÇO - Atividades de Alojamento e Alimentação - Médio | D89: permitido | E89: Permitido apenas nas Faixas Viárias (FV), exceto a Atividade de Transporte, Armazenagem e Correio que só será permitido a de pequeno porte. | F89: 88 | G89: {=XLOOKUP(USO_ZONA!$A89,MACROZONAS!B:B,MACROZONAS!A:A)} -> 4 | H89: {=XLOOKUP(USO_ZONA!$C89,USOS!H:H,USOS!G:G)} -> 13
A90: AUPA | B90: 13 | C90: SERVIÇO - Atividades de Alojamento e Alimentação - Médio | D90: proibido | F90: 89 | G90: {=XLOOKUP(USO_ZONA!$A90,MACROZONAS!B:B,MACROZONAS!A:A)} -> 5 | H90: {=XLOOKUP(USO_ZONA!$C90,USOS!H:H,USOS!G:G)} -> 13
A91: ARPA | B91: 13 | C91: SERVIÇO - Atividades de Alojamento e Alimentação - Médio | D91: condicionado | E91: Permitido, condicionado parecer favorável do órgão ambiental competente | F91: 90 | G91: {=XLOOKUP(USO_ZONA!$A91,MACROZONAS!B:B,MACROZONAS!A:A)} -> 6 | H91: {=XLOOKUP(USO_ZONA!$C91,USOS!H:H,USOS!G:G)} -> 13
A92: ARUC | B92: 13 | C92: SERVIÇO - Atividades de Alojamento e Alimentação - Médio | D92: condicionado | E92: Permitido, condicionado parecer favorável do órgão ambiental competente | F92: 91 | G92: {=XLOOKUP(USO_ZONA!$A92,MACROZONAS!B:B,MACROZONAS!A:A)} -> 7 | H92: {=XLOOKUP(USO_ZONA!$C92,USOS!H:H,USOS!G:G)} -> 13
A93: AUAP | B93: 14 | C93: SERVIÇO - Atividades de Alojamento e Alimentação - Grande | D93: permitido | E93: Permitido nas Faixas Viárias (FV), Faixas Rodoviárias (FR), no Setor de Adensamento Prioritário (SA-01), nos Setores Especiais de Interesse Industrial (SE-06) e Setores Especiais de Interesse Educacional (SE-03) | F93: 92 | G93: {=XLOOKUP(USO_ZONA!$A93,MACROZONAS!B:B,MACROZONAS!A:A)} -> 1 | H93: {=XLOOKUP(USO_ZONA!$C93,USOS!H:H,USOS!G:G)} -> 14
A94: AUAS | B94: 14 | C94: SERVIÇO - Atividades de Alojamento e Alimentação - Grande | D94: permitido | E94: Permitido nas Faixas Viárias (FV), Faixas Rodoviárias (FR), no Setor de Adensamento Prioritário (SA-01), nos Setores Especiais de Interesse Industrial (SE-06) e Setores Especiais de Interesse Educacional (SE-03) | F94: 93 | G94: {=XLOOKUP(USO_ZONA!$A94,MACROZONAS!B:B,MACROZONAS!A:A)} -> 2 | H94: {=XLOOKUP(USO_ZONA!$C94,USOS!H:H,USOS!G:G)} -> 14
A95: AUAC | B95: 14 | C95: SERVIÇO - Atividades de Alojamento e Alimentação - Grande | D95: permitido | E95: Permitido nas Faixas Viárias (FV), Faixas Rodoviárias (FR), no Setor de Adensamento Prioritário (SA-01), nos Setores Especiais de Interesse Industrial (SE-06) e Setores Especiais de Interesse Educacional (SE-03) | F95: 94 | G95: {=XLOOKUP(USO_ZONA!$A95,MACROZONAS!B:B,MACROZONAS!A:A)} -> 3 | H95: {=XLOOKUP(USO_ZONA!$C95,USOS!H:H,USOS!G:G)} -> 14
A96: AUAE | B96: 14 | C96: SERVIÇO - Atividades de Alojamento e Alimentação - Grande | D96: permitido | E96: Permitido apenas nas Faixas Viárias (FV), exceto a Atividade de Transporte, Armazenagem e Correio que só será permitido a de pequeno porte. | F96: 95 | G96: {=XLOOKUP(USO_ZONA!$A96,MACROZONAS!B:B,MACROZONAS!A:A)} -> 4 | H96: {=XLOOKUP(USO_ZONA!$C96,USOS!H:H,USOS!G:G)} -> 14
A97: AUPA | B97: 14 | C97: SERVIÇO - Atividades de Alojamento e Alimentação - Grande | D97: proibido | F97: 96 | G97: {=XLOOKUP(USO_ZONA!$A97,MACROZONAS!B:B,MACROZONAS!A:A)} -> 5 | H97: {=XLOOKUP(USO_ZONA!$C97,USOS!H:H,USOS!G:G)} -> 14
A98: ARPA | B98: 14 | C98: SERVIÇO - Atividades de Alojamento e Alimentação - Grande | D98: condicionado | E98: Permitido, condicionado parecer favorável do órgão ambiental competente | F98: 97 | G98: {=XLOOKUP(USO_ZONA!$A98,MACROZONAS!B:B,MACROZONAS!A:A)} -> 6 | H98: {=XLOOKUP(USO_ZONA!$C98,USOS!H:H,USOS!G:G)} -> 14
A99: ARUC | B99: 14 | C99: SERVIÇO - Atividades de Alojamento e Alimentação - Grande | D99: condicionado | E99: Permitido, condicionado parecer favorável do órgão ambiental competente | F99: 98 | G99: {=XLOOKUP(USO_ZONA!$A99,MACROZONAS!B:B,MACROZONAS!A:A)} -> 7 | H99: {=XLOOKUP(USO_ZONA!$C99,USOS!H:H,USOS!G:G)} -> 14
A100: AUAP | B100: 15 | C100: SERVIÇO - Atividades de Informação e Comunicação - Pequeno | D100: permitido | E100: Permitido, exceto nos Setores Especiais de Interesse de Conservação de Morros (SE-04) e de Conservação de Várzeas (SE-05) | F100: 99 | G100: {=XLOOKUP(USO_ZONA!$A100,MACROZONAS!B:B,MACROZONAS!A:A)} -> 1 | H100: {=XLOOKUP(USO_ZONA!$C100,USOS!H:H,USOS!G:G)} -> 15
...

Sheet OBS
A1: obs | B1: texto | C1: categoria
A2: 1 | B2: Em todos os Setores de Adensamento Prioritário, no Setor Especial de Interesse Público (SE-02) e nas Faixas Viárias (FV) e Setores Especiais de Centralidade Urbana (SE-08) dos demais setores, é possível ampliar em 50% (cinquenta por cento) os índices de coeficiente de aproveitamento do lote, quando da utilização dos seguintes instrumentos de promoção do desenvolvimento urbano: Transferência do Direito de Construir ou Outorga Onerosa do Direito de Construir, conforme Art. 79 desta Lei Complementar. | C2: parametros
A3: 2 | B3: Nas edificações construídas na forma do Art. 62 desta Lei Complementar, incisos II e V, deverá ser observado o Art. 66 desta Lei Complementar. | C3: parametros
A4: 3 | B4: Nos Setores Especiais de Interesse Cultural (SE-01) a definição dos índices de ocupação do solo será através de parecer da Fundação Cultural de Joinville, com base em legislação específica referente a proteção e preservação do patrimônio cultural de Joinville, respeitado os índices máximos descritos neste anexo, conforme Art. 2º, inciso LXXIV, desta Lei Complementar. | C4: parametros
A5: 4 | B5: Fica facultado a construção de embasamentos, junto às divisas laterais e de fundos, com até 9m (nove metros) de altura, já considerada a definição de ponto máximo de telhado, muros ou platibandas, ocupar 50% (cinquenta por cento) das divisas laterais e 100% (cem por cento) da divisa de fundos do lote, numa extensão máxima de 50% (cinquenta por cento) do perímetro do lote, respeitado o Recuo Frontal obrigatório, conforme art. 73, § 4º desta Lei Complementar. | C5: parametros
A6: 5 | B6: Nas Faixas Viárias situadas nos Setores de Adensamento Prioritário (SA-01) e Setores Especiais de Centralidade Urbana (SE-08), o gabarito máximo será de 45m (quarenta e cinco metros), e nos Setores de Adensamento Prioritário (SA-02), o gabarito máximo será de 30m (trinta metros). | C6: parametros
A7: 6 | B7: Quando uma Faixa Viária interceptar a Área Urbana de Adensamento Especial a delimitação física da Faixa Viária será determinada pelo perímetro do imóvel que possui sua testada para a via que originou a Faixa Viária, conforme Art. 13, § 4º desta Lei Complementar. | C7: parametros
A8: 7 | B8: fica facultado as edificações localizadas no Setor Especial de Interesse Cultural - Centro Histórico (SE -01) e nas Faixas Viárias, que ocupar o alinhamento do terreno, com até 9 metros de altura, já considerada a edificação do ponto máximo de telhado, muros ou platibandas, desde que façam uso de fachadas dativas. | C8: parametros
A9: 8 | B9: A taxa de permeabilidade poderá ser convertida em sistema de contenção de águas pluviais, conforme regulamentação específica (Art. 76, § 2º desta Lei Complementar). | C9: parametros
A10: 9 | B10: Os lotes contidos na Área Urbana de Proteção Ambiental (AUPA), registrados nos termos da lei, antes de 27 de março de 1996, cujas áreas sejam inferiores a 3.600,00 m² (três mil e seiscentos metros quadrados), serão passíveis de edificação, desde que: I - respeitem a taxa máxima de ocupação do lote de 60% (sessenta por cento) para lotes com até 360,00 m² (trezentos e sessenta metros quadrados); 45% (quarenta e cinco por cento), para lotes com área maior que 360,00 m² (trezentos e sessenta metros quadrados) e menor que 1.500,00 m² (mil e quinhentos metros quadrados), 30% (trinta por cento), para lotes com área maior que 1.500,00 m² (mil e quinhentos metros quadrados) e menor que 3.600,00 m² (três mil e seiscentos metros quadrados) e acima desta medida, conforme o disposto no Anexo IV - Quadro de Usos Admitidos e Índices Urbanísticos de Ocupação, parte integrantes desta Lei Complementar; II - respeitem o gabarito máximo de 2 (dois) pavimentos; III - respeitem o recuo frontal mínimo de 5,00m (cinco metros), e afastamentos laterais e de fundos mínimos de 1,50m (um metro e cinquenta centímetros). | C10: parametros
A11: 10 | B11: Os lotes contidos no Setor Especial de Interesse de Conservação de Morros (SE-04), registrados nos termos da lei, antes de 27 de março de 1996, cujas áreas sejam inferiores a 3.600,00 m² (três mil e seiscentos metros quadrados), serão passíveis de edificação, desde que: I - respeitem a taxa máxima de ocupação do lote de 60% (sessenta por cento) para lotes com até 360,00 m² (trezentos e sessenta metros quadrados); 45% (quarenta e cinco por cento), para lotes com área maior que 360,00 m² (trezentos e sessenta metros quadrados) e menor que 1.500,00 m² (mil e quinhentos metros quadrados), 30% (trinta por cento), para lotes com área maior que 1.500,00 m² (mil e quinhentos metros quadrados) e menor que 3.600,00 m² (três mil e seiscentos metros quadrados) e acima desta medida, conforme o disposto no Anexo IV - Quadro de Usos Admitidos e Índices Urbanísticos de Ocupação, parte integrantes desta Lei Complementar; II - respeitem o gabarito máximo de 2 (dois) pavimentos; III - respeitem o recuo frontal mínimo de 5,00m (cinco metros), e afastamentos laterais e de fundos mínimos de 1,50m (um metro e cinquenta centímetros). | C11: parametros
A12: 11 | B12: Quando do uso residencial será solicitado, no mínimo, 01 vaga de guarda de veículo para cada Unidade Autônoma, conforme Art. 77, § 2º desta Lei Complementar. No caso de uso residencial multifamiliar, conforme § 3º do mesmo artigo, vinculado a programas habitacionais oficiais de interesse social ou cuja unidade habitacional tenha apenas um único dormitório, será solicitado 1 (uma) vaga para cada duas unidades autônomas. | C12: parametros
A13: 12 | B13: Fica facultado às edificações localizadas no Setor Especial de Interesse Cultural – Centro Histórico (SE-01), ocupar 100% (cem por cento) da área do terreno com o embasamento, desde que respeitadas as demais restrições legais, conforme Art. 71, parágrafo único desta Lei Complementar. | C13: parametros
... A33: 1 | B33: Permitido as atividades CNAE 23.30.3.01, 23.30.3.02, 23.30.3.05, 23.91.5.01 e 23.99.1.99, desde que a matéria prima destinada a fabricação dos produtos provenham de jazidas do mesmo titular/requerente e sujeito ainda a parecer favorável do órgão ambiental. | C33: usos_alto
